"UserID","lives_in_area","lives_in_municipality"
1700002,"Rotterdam Centrum",NA
1701697,"Rotterdam Centrum",NA
1701710,"Rotterdam Centrum",NA
1703561,"Rotterdam Centrum",NA
1703974,"Rotterdam Centrum",NA
1704295,"Rotterdam Centrum",NA
1705875,"Rotterdam Centrum",NA
1707889,"Rotterdam Centrum",NA
1707988,"Rotterdam Centrum",NA
1700285,"Rotterdam Centrum",NA
1700844,"Rotterdam Centrum",NA
1702363,"Rotterdam Centrum",NA
1703269,"Rotterdam Centrum",NA
1703736,"Rotterdam Centrum",NA
1706002,"Rotterdam Centrum",NA
1707720,"Rotterdam Centrum",NA
1700212,"Delfshaven",NA
1700428,"Delfshaven",NA
1700730,"Delfshaven",NA
1700735,"Delfshaven",NA
1700884,"Delfshaven",NA
1700934,"Delfshaven",NA
1701102,"Delfshaven",NA
1701430,"Delfshaven",NA
1701601,"Delfshaven",NA
1701826,"Delfshaven",NA
1701911,"Delfshaven",NA
1702137,"Delfshaven",NA
1702196,"Delfshaven",NA
1702361,"Delfshaven",NA
1702691,"Delfshaven",NA
1702713,"Delfshaven",NA
1702743,"Delfshaven",NA
1703204,"Delfshaven",NA
1703244,"Delfshaven",NA
1703392,"Delfshaven",NA
1704340,"Delfshaven",NA
1704689,"Delfshaven",NA
1704953,"Delfshaven",NA
1705110,"Delfshaven",NA
1705253,"Delfshaven",NA
1705413,"Delfshaven",NA
1705694,"Delfshaven",NA
1705719,"Delfshaven",NA
1705906,"Delfshaven",NA
1706186,"Delfshaven",NA
1706295,"Delfshaven",NA
1706392,"Delfshaven",NA
1706444,"Delfshaven",NA
1706585,"Delfshaven",NA
1706717,"Delfshaven",NA
1707032,"Delfshaven",NA
1707245,"Delfshaven",NA
1707378,"Delfshaven",NA
1707402,"Delfshaven",NA
1708123,"Delfshaven",NA
1708396,"Delfshaven",NA
1708439,"Delfshaven",NA
1708477,"Delfshaven",NA
1700605,"Delfshaven",NA
1701366,"Delfshaven",NA
1701439,"Delfshaven",NA
1701584,"Delfshaven",NA
1701704,"Delfshaven",NA
1701716,"Delfshaven",NA
1701951,"Delfshaven",NA
1702176,"Delfshaven",NA
1702533,"Delfshaven",NA
1702975,"Delfshaven",NA
1703212,"Delfshaven",NA
1703433,"Delfshaven",NA
1703770,"Delfshaven",NA
1704585,"Delfshaven",NA
1705267,"Delfshaven",NA
1705849,"Delfshaven",NA
1707759,"Delfshaven",NA
1708068,"Delfshaven",NA
1707330,"Delfshaven",NA
1700153,"Overschie",NA
1700245,"Hillegersberg-Schiebroek",NA
1700319,"Overschie",NA
1701049,"Overschie",NA
1701079,"Overschie",NA
1701527,"Overschie",NA
1701674,"Hillegersberg-Schiebroek",NA
1701833,"Hillegersberg-Schiebroek",NA
1701990,"Overschie",NA
1702031,"Overschie",NA
1702116,"Overschie",NA
1702233,"Overschie",NA
1702380,"Overschie",NA
1702805,"Hillegersberg-Schiebroek",NA
1703114,"Hillegersberg-Schiebroek",NA
1703344,"Hillegersberg-Schiebroek",NA
1703347,"Hillegersberg-Schiebroek",NA
1703400,"Overschie",NA
1703483,"Overschie",NA
1704577,"Overschie",NA
1704740,"Overschie",NA
1705297,"Hillegersberg-Schiebroek",NA
1706227,"Hillegersberg-Schiebroek",NA
1706549,"Overschie",NA
1707137,"Overschie",NA
1707881,"Overschie",NA
1700262,"Overschie",NA
1700811,"Overschie",NA
1701005,"Overschie",NA
1701065,"Overschie",NA
1701152,"Overschie",NA
1701886,"Overschie",NA
1702272,"Overschie",NA
1703235,"Overschie",NA
1703530,"Overschie",NA
1703577,"Hillegersberg-Schiebroek",NA
1704453,"Overschie",NA
1705935,"Hillegersberg-Schiebroek",NA
1706129,"Hillegersberg-Schiebroek",NA
1706475,"Overschie",NA
1706911,"Overschie",NA
1707478,"Hillegersberg-Schiebroek",NA
1708236,"Overschie",NA
1700191,"Noord",NA
1700263,"Noord",NA
1700291,"Noord",NA
1700738,"Noord",NA
1700767,"Noord",NA
1700880,"Noord",NA
1700904,"Noord",NA
1701104,"Noord",NA
1701108,"Noord",NA
1701147,"Noord",NA
1701263,"Noord",NA
1701424,"Noord",NA
1701464,"Noord",NA
1701721,"Noord",NA
1701878,"Noord",NA
1702225,"Noord",NA
1702586,"Noord",NA
1702814,"Noord",NA
1703220,"Noord",NA
1703393,"Noord",NA
1704016,"Noord",NA
1704951,"Noord",NA
1705152,"Noord",NA
1705801,"Noord",NA
1706001,"Noord",NA
1706793,"Noord",NA
1706810,"Noord",NA
1706902,"Noord",NA
1707122,"Noord",NA
1707440,"Noord",NA
1708065,"Noord",NA
1708220,"Noord",NA
1708395,"Noord",NA
1700000,"Noord",NA
1700621,"Noord",NA
1700812,"Noord",NA
1701038,"Noord",NA
1701161,"Noord",NA
1701166,"Noord",NA
1702211,"Noord",NA
1702983,"Noord",NA
1703254,"Noord",NA
1703775,"Noord",NA
1703786,"Noord",NA
1704104,"Noord",NA
1704256,"Noord",NA
1704506,"Noord",NA
1704559,"Noord",NA
1704587,"Noord",NA
1705917,"Noord",NA
1706015,"Noord",NA
1706124,"Noord",NA
1706204,"Noord",NA
1706664,"Noord",NA
1706742,"Noord",NA
1707118,"Noord",NA
1707261,"Noord",NA
1707501,"Noord",NA
1707685,"Noord",NA
1707919,"Noord",NA
1708030,"Noord",NA
1708341,"Noord",NA
1703076,"Noord",NA
1703839,"Noord",NA
1707093,"Noord",NA
1700385,"Hillegersberg-Schiebroek",NA
1700457,"Hillegersberg-Schiebroek",NA
1700524,"Hillegersberg-Schiebroek",NA
1700953,"Hillegersberg-Schiebroek",NA
1701679,"Hillegersberg-Schiebroek",NA
1701740,"Hillegersberg-Schiebroek",NA
1702423,"Hillegersberg-Schiebroek",NA
1702682,"Hillegersberg-Schiebroek",NA
1702769,"Hillegersberg-Schiebroek",NA
1702779,"Hillegersberg-Schiebroek",NA
1703012,"Hillegersberg-Schiebroek",NA
1703256,"Hillegersberg-Schiebroek",NA
1703471,"Hillegersberg-Schiebroek",NA
1703565,"Hillegersberg-Schiebroek",NA
1703805,"Hillegersberg-Schiebroek",NA
1704036,"Hillegersberg-Schiebroek",NA
1704266,"Hillegersberg-Schiebroek",NA
1704531,"Hillegersberg-Schiebroek",NA
1704578,"Hillegersberg-Schiebroek",NA
1704606,"Hillegersberg-Schiebroek",NA
1704709,"Hillegersberg-Schiebroek",NA
1704774,"Hillegersberg-Schiebroek",NA
1705048,"Hillegersberg-Schiebroek",NA
1705095,"Hillegersberg-Schiebroek",NA
1705359,"Hillegersberg-Schiebroek",NA
1705449,"Hillegersberg-Schiebroek",NA
1705531,"Hillegersberg-Schiebroek",NA
1705648,"Hillegersberg-Schiebroek",NA
1705933,"Hillegersberg-Schiebroek",NA
1705963,"Hillegersberg-Schiebroek",NA
1706018,"Hillegersberg-Schiebroek",NA
1706024,"Hillegersberg-Schiebroek",NA
1706459,"Hillegersberg-Schiebroek",NA
1707955,"Hillegersberg-Schiebroek",NA
1708029,"Hillegersberg-Schiebroek",NA
1708091,"Hillegersberg-Schiebroek",NA
1708121,"Hillegersberg-Schiebroek",NA
1708126,"Hillegersberg-Schiebroek",NA
1708214,"Hillegersberg-Schiebroek",NA
1708471,"Hillegersberg-Schiebroek",NA
1700322,"Hillegersberg-Schiebroek",NA
1700472,"Hillegersberg-Schiebroek",NA
1700619,"Hillegersberg-Schiebroek",NA
1700815,"Hillegersberg-Schiebroek",NA
1700827,"Hillegersberg-Schiebroek",NA
1701252,"Hillegersberg-Schiebroek",NA
1701352,"Hillegersberg-Schiebroek",NA
1701538,"Hillegersberg-Schiebroek",NA
1702035,"Hillegersberg-Schiebroek",NA
1702119,"Hillegersberg-Schiebroek",NA
1702276,"Hillegersberg-Schiebroek",NA
1702429,"Hillegersberg-Schiebroek",NA
1702453,"Hillegersberg-Schiebroek",NA
1702827,"Hillegersberg-Schiebroek",NA
1703247,"Hillegersberg-Schiebroek",NA
1703563,"Hillegersberg-Schiebroek",NA
1703585,"Hillegersberg-Schiebroek",NA
1704050,"Hillegersberg-Schiebroek",NA
1704276,"Hillegersberg-Schiebroek",NA
1704289,"Hillegersberg-Schiebroek",NA
1704399,"Hillegersberg-Schiebroek",NA
1704955,"Hillegersberg-Schiebroek",NA
1705044,"Hillegersberg-Schiebroek",NA
1705159,"Hillegersberg-Schiebroek",NA
1705367,"Hillegersberg-Schiebroek",NA
1705667,"Hillegersberg-Schiebroek",NA
1706230,"Hillegersberg-Schiebroek",NA
1706388,"Hillegersberg-Schiebroek",NA
1706909,"Hillegersberg-Schiebroek",NA
1706926,"Hillegersberg-Schiebroek",NA
1707565,"Hillegersberg-Schiebroek",NA
1707987,"Hillegersberg-Schiebroek",NA
1708108,"Hillegersberg-Schiebroek",NA
1708189,"Hillegersberg-Schiebroek",NA
1703759,"Hillegersberg-Schiebroek",NA
1707456,"Hillegersberg-Schiebroek",NA
1700447,"Kralingen-Crooswijk",NA
1700548,"Kralingen-Crooswijk",NA
1700699,"Kralingen-Crooswijk",NA
1700755,"Kralingen-Crooswijk",NA
1701082,"Kralingen-Crooswijk",NA
1701089,"Kralingen-Crooswijk",NA
1701300,"Kralingen-Crooswijk",NA
1701498,"Kralingen-Crooswijk",NA
1701934,"Kralingen-Crooswijk",NA
1702166,"Kralingen-Crooswijk",NA
1702491,"Kralingen-Crooswijk",NA
1702492,"Kralingen-Crooswijk",NA
1702654,"Kralingen-Crooswijk",NA
1702723,"Kralingen-Crooswijk",NA
1702870,"Kralingen-Crooswijk",NA
1702873,"Kralingen-Crooswijk",NA
1703384,"Kralingen-Crooswijk",NA
1704130,"Kralingen-Crooswijk",NA
1704265,"Kralingen-Crooswijk",NA
1704294,"Kralingen-Crooswijk",NA
1704495,"Kralingen-Crooswijk",NA
1705016,"Kralingen-Crooswijk",NA
1705099,"Kralingen-Crooswijk",NA
1705506,"Kralingen-Crooswijk",NA
1705568,"Kralingen-Crooswijk",NA
1705673,"Kralingen-Crooswijk",NA
1705955,"Kralingen-Crooswijk",NA
1706113,"Kralingen-Crooswijk",NA
1706550,"Kralingen-Crooswijk",NA
1706989,"Kralingen-Crooswijk",NA
1707275,"Kralingen-Crooswijk",NA
1707645,"Kralingen-Crooswijk",NA
1707734,"Kralingen-Crooswijk",NA
1707911,"Kralingen-Crooswijk",NA
1707940,"Kralingen-Crooswijk",NA
1708329,"Kralingen-Crooswijk",NA
1700105,"Kralingen-Crooswijk",NA
1700117,"Kralingen-Crooswijk",NA
1700508,"Kralingen-Crooswijk",NA
1701024,"Kralingen-Crooswijk",NA
1701237,"Kralingen-Crooswijk",NA
1701268,"Kralingen-Crooswijk",NA
1701448,"Kralingen-Crooswijk",NA
1701630,"Kralingen-Crooswijk",NA
1701984,"Kralingen-Crooswijk",NA
1702153,"Kralingen-Crooswijk",NA
1702341,"Kralingen-Crooswijk",NA
1702495,"Kralingen-Crooswijk",NA
1703155,"Kralingen-Crooswijk",NA
1703444,"Kralingen-Crooswijk",NA
1704371,"Kralingen-Crooswijk",NA
1705026,"Kralingen-Crooswijk",NA
1705727,"Kralingen-Crooswijk",NA
1706085,"Kralingen-Crooswijk",NA
1706157,"Kralingen-Crooswijk",NA
1706821,"Kralingen-Crooswijk",NA
1707036,"Kralingen-Crooswijk",NA
1707045,"Kralingen-Crooswijk",NA
1707053,"Kralingen-Crooswijk",NA
1707181,"Kralingen-Crooswijk",NA
1707295,"Kralingen-Crooswijk",NA
1707313,"Kralingen-Crooswijk",NA
1708266,"Kralingen-Crooswijk",NA
1701867,"Kralingen-Crooswijk",NA
1703141,"Kralingen-Crooswijk",NA
1705720,"Kralingen-Crooswijk",NA
1702958,"Kralingen-Crooswijk",NA
1708311,"Kralingen-Crooswijk",NA
1700454,"Feijenoord",NA
1700647,"Feijenoord",NA
1700786,"Feijenoord",NA
1700869,"Feijenoord",NA
1701026,"Feijenoord",NA
1701210,"Feijenoord",NA
1701435,"Feijenoord",NA
1702144,"Feijenoord",NA
1702618,"Feijenoord",NA
1702778,"Feijenoord",NA
1703580,"Feijenoord",NA
1704111,"Feijenoord",NA
1704263,"Feijenoord",NA
1704786,"Feijenoord",NA
1705123,"Feijenoord",NA
1705380,"Feijenoord",NA
1705754,"Feijenoord",NA
1706053,"Feijenoord",NA
1706126,"Feijenoord",NA
1706398,"Feijenoord",NA
1706791,"Feijenoord",NA
1706970,"Feijenoord",NA
1707270,"Feijenoord",NA
1707361,"Feijenoord",NA
1707535,"Feijenoord",NA
1707650,"Feijenoord",NA
1707755,"Feijenoord",NA
1708354,"Feijenoord",NA
1700004,"Feijenoord",NA
1700257,"Feijenoord",NA
1700275,"Feijenoord",NA
1700678,"Feijenoord",NA
1700682,"Feijenoord",NA
1701064,"Feijenoord",NA
1701143,"Feijenoord",NA
1701636,"Feijenoord",NA
1702317,"Feijenoord",NA
1702346,"Feijenoord",NA
1702489,"Feijenoord",NA
1702883,"Feijenoord",NA
1703084,"Feijenoord",NA
1703147,"Feijenoord",NA
1703744,"Feijenoord",NA
1703844,"Feijenoord",NA
1704124,"Feijenoord",NA
1704328,"Feijenoord",NA
1704917,"Feijenoord",NA
1705122,"Feijenoord",NA
1705196,"Feijenoord",NA
1706377,"Feijenoord",NA
1706813,"Feijenoord",NA
1707164,"Feijenoord",NA
1707417,"Feijenoord",NA
1707629,"Feijenoord",NA
1708000,"Feijenoord",NA
1708017,"Feijenoord",NA
1708347,"Feijenoord",NA
1708367,"Feijenoord",NA
1708437,"Feijenoord",NA
1700024,"IJsselmonde",NA
1700292,"IJsselmonde",NA
1700463,"IJsselmonde",NA
1700632,"IJsselmonde",NA
1700845,"IJsselmonde",NA
1700888,"IJsselmonde",NA
1700901,"IJsselmonde",NA
1700998,"IJsselmonde",NA
1701025,"IJsselmonde",NA
1701052,"IJsselmonde",NA
1701159,"IJsselmonde",NA
1701308,"IJsselmonde",NA
1701418,"IJsselmonde",NA
1701493,"IJsselmonde",NA
1701513,"IJsselmonde",NA
1701839,"IJsselmonde",NA
1701883,"IJsselmonde",NA
1702038,"IJsselmonde",NA
1702259,"IJsselmonde",NA
1702309,"IJsselmonde",NA
1702337,"IJsselmonde",NA
1703080,"IJsselmonde",NA
1703170,"IJsselmonde",NA
1703481,"IJsselmonde",NA
1703486,"IJsselmonde",NA
1704259,"IJsselmonde",NA
1704844,"IJsselmonde",NA
1705151,"IJsselmonde",NA
1705414,"IJsselmonde",NA
1705628,"IJsselmonde",NA
1705641,"IJsselmonde",NA
1705662,"IJsselmonde",NA
1705837,"IJsselmonde",NA
1705858,"IJsselmonde",NA
1705925,"IJsselmonde",NA
1706689,"IJsselmonde",NA
1706693,"IJsselmonde",NA
1706880,"IJsselmonde",NA
1707033,"IJsselmonde",NA
1707080,"IJsselmonde",NA
1707223,"IJsselmonde",NA
1707237,"IJsselmonde",NA
1707285,"IJsselmonde",NA
1707320,"IJsselmonde",NA
1707356,"IJsselmonde",NA
1707374,"IJsselmonde",NA
1707697,"IJsselmonde",NA
1707837,"IJsselmonde",NA
1707884,"IJsselmonde",NA
1708023,"IJsselmonde",NA
1708079,"IJsselmonde",NA
1708135,"IJsselmonde",NA
1708147,"IJsselmonde",NA
1708452,"IJsselmonde",NA
1700360,"IJsselmonde",NA
1700546,"IJsselmonde",NA
1700927,"IJsselmonde",NA
1700954,"IJsselmonde",NA
1701109,"IJsselmonde",NA
1701117,"IJsselmonde",NA
1701228,"IJsselmonde",NA
1701254,"IJsselmonde",NA
1701261,"IJsselmonde",NA
1701348,"IJsselmonde",NA
1701425,"IJsselmonde",NA
1701540,"IJsselmonde",NA
1701701,"IJsselmonde",NA
1701773,"IJsselmonde",NA
1701846,"IJsselmonde",NA
1702503,"IJsselmonde",NA
1702595,"IJsselmonde",NA
1702987,"IJsselmonde",NA
1703008,"IJsselmonde",NA
1703435,"IJsselmonde",NA
1703640,"IJsselmonde",NA
1703643,"IJsselmonde",NA
1703749,"IJsselmonde",NA
1703777,"IJsselmonde",NA
1704176,"IJsselmonde",NA
1704665,"IJsselmonde",NA
1704781,"IJsselmonde",NA
1704909,"IJsselmonde",NA
1705047,"IJsselmonde",NA
1705218,"IJsselmonde",NA
1705370,"IJsselmonde",NA
1705567,"IJsselmonde",NA
1705664,"IJsselmonde",NA
1705732,"IJsselmonde",NA
1705777,"IJsselmonde",NA
1705883,"IJsselmonde",NA
1706098,"IJsselmonde",NA
1706101,"IJsselmonde",NA
1706416,"IJsselmonde",NA
1706595,"IJsselmonde",NA
1706670,"IJsselmonde",NA
1706762,"IJsselmonde",NA
1707152,"IJsselmonde",NA
1707851,"IJsselmonde",NA
1708056,"IJsselmonde",NA
1708434,"IJsselmonde",NA
1700011,"Prins Alexander",NA
1700122,"Prins Alexander",NA
1700216,"Prins Alexander",NA
1700344,"Prins Alexander",NA
1700382,"Prins Alexander",NA
1700544,"Prins Alexander",NA
1700608,"Prins Alexander",NA
1700702,"Prins Alexander",NA
1700790,"Prins Alexander",NA
1700983,"Prins Alexander",NA
1701043,"Prins Alexander",NA
1701445,"Prins Alexander",NA
1701528,"Prins Alexander",NA
1701615,"Prins Alexander",NA
1701644,"Prins Alexander",NA
1701822,"Prins Alexander",NA
1701847,"Prins Alexander",NA
1701863,"Prins Alexander",NA
1701919,"Prins Alexander",NA
1701956,"Prins Alexander",NA
1701962,"Prins Alexander",NA
1702008,"Prins Alexander",NA
1702019,"Prins Alexander",NA
1702033,"Prins Alexander",NA
1702066,"Prins Alexander",NA
1702072,"Prins Alexander",NA
1702186,"Prins Alexander",NA
1702191,"Prins Alexander",NA
1702226,"Prins Alexander",NA
1702282,"Prins Alexander",NA
1702285,"Prins Alexander",NA
1702358,"Prins Alexander",NA
1702454,"Prins Alexander",NA
1702594,"Prins Alexander",NA
1702619,"Prins Alexander",NA
1702677,"Prins Alexander",NA
1702770,"Prins Alexander",NA
1702821,"Prins Alexander",NA
1702880,"Prins Alexander",NA
1702923,"Prins Alexander",NA
1703049,"Prins Alexander",NA
1703144,"Prins Alexander",NA
1703207,"Prins Alexander",NA
1703210,"Prins Alexander",NA
1703218,"Prins Alexander",NA
1703293,"Prins Alexander",NA
1703299,"Prins Alexander",NA
1703325,"Prins Alexander",NA
1703404,"Prins Alexander",NA
1703424,"Prins Alexander",NA
1703600,"Prins Alexander",NA
1703648,"Prins Alexander",NA
1703669,"Prins Alexander",NA
1703772,"Prins Alexander",NA
1703785,"Prins Alexander",NA
1703793,"Prins Alexander",NA
1703796,"Prins Alexander",NA
1703810,"Prins Alexander",NA
1703813,"Prins Alexander",NA
1703826,"Prins Alexander",NA
1703932,"Prins Alexander",NA
1704051,"Prins Alexander",NA
1704237,"Prins Alexander",NA
1704269,"Prins Alexander",NA
1704596,"Prins Alexander",NA
1704654,"Prins Alexander",NA
1704692,"Prins Alexander",NA
1704718,"Prins Alexander",NA
1704737,"Prins Alexander",NA
1705024,"Prins Alexander",NA
1705073,"Prins Alexander",NA
1705128,"Prins Alexander",NA
1705134,"Prins Alexander",NA
1705346,"Prins Alexander",NA
1705911,"Prins Alexander",NA
1706026,"Prins Alexander",NA
1706079,"Prins Alexander",NA
1706087,"Prins Alexander",NA
1706090,"Prins Alexander",NA
1706122,"Prins Alexander",NA
1706125,"Prins Alexander",NA
1706223,"Prins Alexander",NA
1706261,"Prins Alexander",NA
1706280,"Prins Alexander",NA
1706314,"Prins Alexander",NA
1706343,"Prins Alexander",NA
1706360,"Prins Alexander",NA
1706533,"Prins Alexander",NA
1706618,"Prins Alexander",NA
1706682,"Prins Alexander",NA
1706724,"Prins Alexander",NA
1706953,"Prins Alexander",NA
1707207,"Prins Alexander",NA
1707403,"Prins Alexander",NA
1707622,"Prins Alexander",NA
1707704,"Prins Alexander",NA
1707838,"Prins Alexander",NA
1707977,"Prins Alexander",NA
1708164,"Prins Alexander",NA
1708327,"Prins Alexander",NA
1708336,"Prins Alexander",NA
1708415,"Prins Alexander",NA
1700061,"Prins Alexander",NA
1700254,"Prins Alexander",NA
1700345,"Prins Alexander",NA
1700547,"Prins Alexander",NA
1700671,"Prins Alexander",NA
1700687,"Prins Alexander",NA
1700898,"Prins Alexander",NA
1700912,"Prins Alexander",NA
1700987,"Prins Alexander",NA
1701151,"Prins Alexander",NA
1701182,"Prins Alexander",NA
1701457,"Prins Alexander",NA
1701539,"Prins Alexander",NA
1701548,"Prins Alexander",NA
1701550,"Prins Alexander",NA
1701633,"Prins Alexander",NA
1701671,"Prins Alexander",NA
1702169,"Prins Alexander",NA
1702185,"Prins Alexander",NA
1702478,"Prins Alexander",NA
1702546,"Prins Alexander",NA
1702809,"Prins Alexander",NA
1702924,"Prins Alexander",NA
1703011,"Prins Alexander",NA
1703134,"Prins Alexander",NA
1703175,"Prins Alexander",NA
1703377,"Prins Alexander",NA
1703416,"Prins Alexander",NA
1703649,"Prins Alexander",NA
1703787,"Prins Alexander",NA
1703991,"Prins Alexander",NA
1704396,"Prins Alexander",NA
1704588,"Prins Alexander",NA
1704617,"Prins Alexander",NA
1704663,"Prins Alexander",NA
1704747,"Prins Alexander",NA
1704814,"Prins Alexander",NA
1704940,"Prins Alexander",NA
1705101,"Prins Alexander",NA
1705395,"Prins Alexander",NA
1705650,"Prins Alexander",NA
1705659,"Prins Alexander",NA
1705814,"Prins Alexander",NA
1705951,"Prins Alexander",NA
1706040,"Prins Alexander",NA
1706055,"Prins Alexander",NA
1706094,"Prins Alexander",NA
1706185,"Prins Alexander",NA
1706335,"Prins Alexander",NA
1706359,"Prins Alexander",NA
1706423,"Prins Alexander",NA
1706512,"Prins Alexander",NA
1706914,"Prins Alexander",NA
1706977,"Prins Alexander",NA
1707002,"Prins Alexander",NA
1707029,"Prins Alexander",NA
1707071,"Prins Alexander",NA
1707161,"Prins Alexander",NA
1707400,"Prins Alexander",NA
1707654,"Prins Alexander",NA
1707687,"Prins Alexander",NA
1707814,"Prins Alexander",NA
1707960,"Prins Alexander",NA
1708039,"Prins Alexander",NA
1708114,"Prins Alexander",NA
1708183,"Prins Alexander",NA
1708213,"Prins Alexander",NA
1708232,"Prins Alexander",NA
1708391,"Prins Alexander",NA
1703612,"Prins Alexander",NA
1702293,"Prins Alexander",NA
1707280,"Prins Alexander",NA
1700273,"Charlois",NA
1700795,"Charlois",NA
1700925,"Charlois",NA
1701003,"Charlois",NA
1701443,"Charlois",NA
1701652,"Charlois",NA
1701708,"Charlois",NA
1701790,"Charlois",NA
1701981,"Charlois",NA
1701983,"Charlois",NA
1702013,"Charlois",NA
1702251,"Charlois",NA
1702281,"Charlois",NA
1702539,"Charlois",NA
1702540,"Charlois",NA
1702648,"Charlois",NA
1702674,"Charlois",NA
1702850,"Charlois",NA
1702921,"Charlois",NA
1703036,"Charlois",NA
1703157,"Charlois",NA
1703201,"Charlois",NA
1703657,"Charlois",NA
1703700,"Charlois",NA
1703745,"Charlois",NA
1703990,"Charlois",NA
1704049,"Charlois",NA
1704095,"Charlois",NA
1704117,"Charlois",NA
1704140,"Charlois",NA
1704213,"Charlois",NA
1704521,"Charlois",NA
1704623,"Charlois",NA
1704834,"Charlois",NA
1704862,"Charlois",NA
1704962,"Charlois",NA
1705056,"Charlois",NA
1705179,"Charlois",NA
1705221,"Waalhaven-Eemhaven",NA
1705497,"Charlois",NA
1705661,"Charlois",NA
1705764,"Charlois",NA
1706108,"Charlois",NA
1706362,"Charlois",NA
1706403,"Charlois",NA
1706518,"Charlois",NA
1707063,"Charlois",NA
1707132,"Charlois",NA
1707182,"Charlois",NA
1707484,"Charlois",NA
1707735,"Charlois",NA
1707764,"Charlois",NA
1707799,"Charlois",NA
1700481,"Charlois",NA
1701253,"Charlois",NA
1701371,"Charlois",NA
1701381,"Charlois",NA
1701763,"Charlois",NA
1701775,"Charlois",NA
1702156,"Charlois",NA
1702633,"Charlois",NA
1702789,"Charlois",NA
1702802,"Charlois",NA
1702961,"Charlois",NA
1703330,"Charlois",NA
1703336,"Charlois",NA
1703340,"Charlois",NA
1703583,"Charlois",NA
1703584,"Charlois",NA
1703666,"Charlois",NA
1704555,"Charlois",NA
1704664,"Charlois",NA
1704790,"Charlois",NA
1704875,"Charlois",NA
1705291,"Charlois",NA
1705671,"Charlois",NA
1705758,"Charlois",NA
1706138,"Charlois",NA
1706150,"Charlois",NA
1706304,"Charlois",NA
1707110,"Charlois",NA
1707159,"Charlois",NA
1707259,"Charlois",NA
1707632,"Charlois",NA
1706788,"Charlois",NA
1703352,NA,"Hoek van Holland"
1700282,NA,"Rozenburg"
1700913,NA,"Rozenburg"
1700967,NA,"Rozenburg"
1700996,NA,"Rozenburg"
1701170,NA,"Rozenburg"
1701561,NA,"Rozenburg"
1702012,NA,"Rozenburg"
1702791,NA,"Rozenburg"
1702836,NA,"Rozenburg"
1702910,NA,"Rozenburg"
1703372,NA,"Rozenburg"
1703540,NA,"Rozenburg"
1704183,NA,"Rozenburg"
1704212,NA,"Rozenburg"
1704927,NA,"Rozenburg"
1705240,NA,"Rozenburg"
1705800,NA,"Rozenburg"
1706016,NA,"Rozenburg"
1706151,NA,"Rozenburg"
1707112,NA,"Rozenburg"
1707188,NA,"Rozenburg"
1707299,NA,"Rozenburg"
1707309,NA,"Rozenburg"
1707324,NA,"Rozenburg"
1708178,NA,"Rozenburg"
1708237,NA,"Rozenburg"
1708242,NA,"Rozenburg"
1708286,NA,"Rozenburg"
1708467,NA,"Rozenburg"
1700017,NA,"Rozenburg"
1700139,NA,"Rozenburg"
1700208,NA,"Rozenburg"
1700729,NA,"Rozenburg"
1700891,NA,"Rozenburg"
1701275,NA,"Rozenburg"
1701730,NA,"Rozenburg"
1701737,NA,"Rozenburg"
1701759,NA,"Rozenburg"
1701952,NA,"Rozenburg"
1702087,NA,"Rozenburg"
1702752,NA,"Rozenburg"
1702925,NA,"Rozenburg"
1702992,NA,"Rozenburg"
1703238,NA,"Rozenburg"
1703453,NA,"Rozenburg"
1704412,NA,"Rozenburg"
1704659,NA,"Rozenburg"
1704713,NA,"Rozenburg"
1705014,NA,"Rozenburg"
1705175,NA,"Rozenburg"
1705392,NA,"Rozenburg"
1705825,NA,"Rozenburg"
1706045,NA,"Rozenburg"
1706056,NA,"Rozenburg"
1706061,NA,"Rozenburg"
1706322,NA,"Rozenburg"
1706449,NA,"Rozenburg"
1706529,NA,"Rozenburg"
1706556,NA,"Rozenburg"
1706925,NA,"Rozenburg"
1707348,NA,"Rozenburg"
1707497,NA,"Rozenburg"
1707875,NA,"Rozenburg"
1708468,NA,"Rozenburg"
1701972,NA,"Rozenburg"
1700015,NA,"Barendrecht"
1700019,NA,"Capelle aan den IJssel"
1700028,NA,"Barendrecht"
1700030,NA,"Vlaardingen"
1700050,NA,"Capelle aan den IJssel"
1700051,NA,"Lansingerland"
1700059,NA,"Albrandswaard"
1700067,NA,"Lansingerland"
1700071,NA,"Voorne aan Zee"
1700072,NA,"Ridderkerk"
1700073,NA,"Vlaardingen"
1700078,NA,"Voorne aan Zee"
1700086,NA,"Lansingerland"
1700088,NA,"Maassluis"
1700090,NA,"Lansingerland"
1700103,NA,"Voorne aan Zee"
1700111,NA,"Ridderkerk"
1700132,NA,"Nissewaard"
1700142,NA,"Voorne aan Zee"
1700145,NA,"Vlaardingen"
1700160,NA,"Lansingerland"
1700182,NA,"Voorne aan Zee"
1700203,NA,"Capelle aan den IJssel"
1700222,NA,"Voorne aan Zee"
1700226,NA,"Capelle aan den IJssel"
1700237,NA,"Voorne aan Zee"
1700239,NA,"Lansingerland"
1700247,NA,"Capelle aan den IJssel"
1700280,NA,"Voorne aan Zee"
1700300,NA,"Nissewaard"
1700312,NA,"Capelle aan den IJssel"
1700324,NA,"Goeree-Overflakkee"
1700325,NA,"Schiedam"
1700338,NA,"Ridderkerk"
1700339,NA,"Voorne aan Zee"
1700349,NA,"Vlaardingen"
1700354,NA,"Lansingerland"
1700358,NA,"Vlaardingen"
1700366,NA,"Lansingerland"
1700368,NA,"Schiedam"
1700372,NA,"Nissewaard"
1700379,NA,"Maassluis"
1700387,NA,"Maassluis"
1700397,NA,"Krimpen aan den IJssel"
1700399,NA,"Schiedam"
1700409,NA,"Capelle aan den IJssel"
1700414,NA,"Voorne aan Zee"
1700417,NA,"Maassluis"
1700421,NA,"Voorne aan Zee"
1700425,NA,"Capelle aan den IJssel"
1700442,NA,"Barendrecht"
1700443,NA,"Ridderkerk"
1700446,NA,"Voorne aan Zee"
1700449,NA,"Maassluis"
1700452,NA,"Lansingerland"
1700459,NA,"Maassluis"
1700464,NA,"Voorne aan Zee"
1700465,NA,"Vlaardingen"
1700474,NA,"Lansingerland"
1700476,NA,"Capelle aan den IJssel"
1700478,NA,"Goeree-Overflakkee"
1700489,NA,"Goeree-Overflakkee"
1700492,NA,"Capelle aan den IJssel"
1700493,NA,"Capelle aan den IJssel"
1700496,NA,"Vlaardingen"
1700503,NA,"Voorne aan Zee"
1700509,NA,"Krimpen aan den IJssel"
1700510,NA,"Schiedam"
1700519,NA,"Vlaardingen"
1700551,NA,"Voorne aan Zee"
1700553,NA,"Vlaardingen"
1700561,NA,"Goeree-Overflakkee"
1700565,NA,"Voorne aan Zee"
1700583,NA,"Capelle aan den IJssel"
1700584,NA,"Schiedam"
1700588,NA,"Nissewaard"
1700613,NA,"Ridderkerk"
1700616,NA,"Vlaardingen"
1700620,NA,"Voorne aan Zee"
1700624,NA,"Schiedam"
1700633,NA,"Nissewaard"
1700654,NA,"Voorne aan Zee"
1700659,NA,"Vlaardingen"
1700660,NA,"Vlaardingen"
1700669,NA,"Voorne aan Zee"
1700674,NA,"Voorne aan Zee"
1700676,NA,"Voorne aan Zee"
1700684,NA,"Voorne aan Zee"
1700706,NA,"Goeree-Overflakkee"
1700714,NA,"Vlaardingen"
1700737,NA,"Krimpen aan den IJssel"
1700742,NA,"Goeree-Overflakkee"
1700760,NA,"Capelle aan den IJssel"
1700765,NA,"Voorne aan Zee"
1700766,NA,"Nissewaard"
1700778,NA,"Nissewaard"
1700784,NA,"Capelle aan den IJssel"
1700797,NA,"Vlaardingen"
1700819,NA,"Barendrecht"
1700822,NA,"Goeree-Overflakkee"
1700828,NA,"Voorne aan Zee"
1700829,NA,"Voorne aan Zee"
1700830,NA,"Voorne aan Zee"
1700834,NA,"Voorne aan Zee"
1700839,NA,"Voorne aan Zee"
1700840,NA,"Voorne aan Zee"
1700847,NA,"Nissewaard"
1700855,NA,"Goeree-Overflakkee"
1700856,NA,"Ridderkerk"
1700879,NA,"Nissewaard"
1700883,NA,"Capelle aan den IJssel"
1700892,NA,"Voorne aan Zee"
1700894,NA,"Krimpen aan den IJssel"
1700897,NA,"Schiedam"
1700906,NA,"Nissewaard"
1700914,NA,"Nissewaard"
1700923,NA,"Voorne aan Zee"
1700937,NA,"Ridderkerk"
1700942,NA,"Albrandswaard"
1700980,NA,"Voorne aan Zee"
1700981,NA,"Voorne aan Zee"
1700990,NA,"Voorne aan Zee"
1701006,NA,"Vlaardingen"
1701011,NA,"Vlaardingen"
1701016,NA,"Schiedam"
1701019,NA,"Voorne aan Zee"
1701023,NA,"Barendrecht"
1701031,NA,"Lansingerland"
1701040,NA,"Krimpen aan den IJssel"
1701048,NA,"Ridderkerk"
1701053,NA,"Barendrecht"
1701054,NA,"Goeree-Overflakkee"
1701059,NA,"Krimpen aan den IJssel"
1701072,NA,"Goeree-Overflakkee"
1701097,NA,"Goeree-Overflakkee"
1701105,NA,"Vlaardingen"
1701107,NA,"Goeree-Overflakkee"
1701112,NA,"Voorne aan Zee"
1701116,NA,"Goeree-Overflakkee"
1701123,NA,"Maassluis"
1701135,NA,"Lansingerland"
1701145,NA,"Ridderkerk"
1701156,NA,"Goeree-Overflakkee"
1701162,NA,"Nissewaard"
1701185,NA,"Capelle aan den IJssel"
1701188,NA,"Goeree-Overflakkee"
1701193,NA,"Voorne aan Zee"
1701204,NA,"Schiedam"
1701220,NA,"Lansingerland"
1701223,NA,"Ridderkerk"
1701226,NA,"Vlaardingen"
1701233,NA,"Vlaardingen"
1701238,NA,"Vlaardingen"
1701244,NA,"Voorne aan Zee"
1701258,NA,"Albrandswaard"
1701284,NA,"Albrandswaard"
1701287,NA,"Albrandswaard"
1701289,NA,"Voorne aan Zee"
1701290,NA,"Voorne aan Zee"
1701309,NA,"Schiedam"
1701320,NA,"Ridderkerk"
1701325,NA,"Barendrecht"
1701328,NA,"Lansingerland"
1701335,NA,"Lansingerland"
1701342,NA,"Vlaardingen"
1701343,NA,"Voorne aan Zee"
1701350,NA,"Voorne aan Zee"
1701353,NA,"Capelle aan den IJssel"
1701357,NA,"Ridderkerk"
1701358,NA,"Ridderkerk"
1701362,NA,"Schiedam"
1701367,NA,"Voorne aan Zee"
1701374,NA,"Nissewaard"
1701377,NA,"Vlaardingen"
1701386,NA,"Vlaardingen"
1701394,NA,"Goeree-Overflakkee"
1701395,NA,"Goeree-Overflakkee"
1701398,NA,"Maassluis"
1701400,NA,"Vlaardingen"
1701409,NA,"Vlaardingen"
1701423,NA,"Schiedam"
1701426,NA,"Schiedam"
1701427,NA,"Voorne aan Zee"
1701456,NA,"Nissewaard"
1701458,NA,"Vlaardingen"
1701462,NA,"Nissewaard"
1701465,NA,"Voorne aan Zee"
1701467,NA,"Goeree-Overflakkee"
1701473,NA,"Barendrecht"
1701481,NA,"Voorne aan Zee"
1701485,NA,"Schiedam"
1701499,NA,"Voorne aan Zee"
1701511,NA,"Vlaardingen"
1701517,NA,"Maassluis"
1701546,NA,"Voorne aan Zee"
1701547,NA,"Maassluis"
1701549,NA,"Goeree-Overflakkee"
1701553,NA,"Lansingerland"
1701554,NA,"Voorne aan Zee"
1701560,NA,"Voorne aan Zee"
1701565,NA,"Voorne aan Zee"
1701569,NA,"Krimpen aan den IJssel"
1701570,NA,"Albrandswaard"
1701574,NA,"Schiedam"
1701598,NA,"Nissewaard"
1701607,NA,"Goeree-Overflakkee"
1701617,NA,"Voorne aan Zee"
1701625,NA,"Goeree-Overflakkee"
1701629,NA,"Nissewaard"
1701631,NA,"Lansingerland"
1701647,NA,"Vlaardingen"
1701650,NA,"Goeree-Overflakkee"
1701658,NA,"Ridderkerk"
1701664,NA,"Vlaardingen"
1701694,NA,"Albrandswaard"
1701703,NA,"Albrandswaard"
1701709,NA,"Nissewaard"
1701713,NA,"Maassluis"
1701714,NA,"Vlaardingen"
1701715,NA,"Albrandswaard"
1701717,NA,"Lansingerland"
1701723,NA,"Goeree-Overflakkee"
1701724,NA,"Maassluis"
1701741,NA,"Nissewaard"
1701744,NA,"Vlaardingen"
1701753,NA,"Vlaardingen"
1701768,NA,"Lansingerland"
1701774,NA,"Nissewaard"
1701783,NA,"Voorne aan Zee"
1701793,NA,"Krimpen aan den IJssel"
1701809,NA,"Goeree-Overflakkee"
1701811,NA,"Krimpen aan den IJssel"
1701816,NA,"Vlaardingen"
1701827,NA,"Barendrecht"
1701835,NA,"Vlaardingen"
1701845,NA,"Vlaardingen"
1701853,NA,"Krimpen aan den IJssel"
1701856,NA,"Goeree-Overflakkee"
1701857,NA,"Nissewaard"
1701869,NA,"Vlaardingen"
1701870,NA,"Goeree-Overflakkee"
1701871,NA,"Lansingerland"
1701872,NA,"Maassluis"
1701884,NA,"Schiedam"
1701885,NA,"Nissewaard"
1701887,NA,"Lansingerland"
1701901,NA,"Goeree-Overflakkee"
1701907,NA,"Voorne aan Zee"
1701928,NA,"Nissewaard"
1701935,NA,"Vlaardingen"
1701939,NA,"Voorne aan Zee"
1701942,NA,"Voorne aan Zee"
1701944,NA,"Albrandswaard"
1701953,NA,"Vlaardingen"
1701961,NA,"Vlaardingen"
1701985,NA,"Voorne aan Zee"
1701987,NA,"Capelle aan den IJssel"
1701997,NA,"Vlaardingen"
1701999,NA,"Goeree-Overflakkee"
1702001,NA,"Goeree-Overflakkee"
1702002,NA,"Goeree-Overflakkee"
1702006,NA,"Schiedam"
1702032,NA,"Goeree-Overflakkee"
1702063,NA,"Voorne aan Zee"
1702070,NA,"Capelle aan den IJssel"
1702071,NA,"Voorne aan Zee"
1702089,NA,"Voorne aan Zee"
1702098,NA,"Voorne aan Zee"
1702102,NA,"Vlaardingen"
1702105,NA,"Lansingerland"
1702107,NA,"Voorne aan Zee"
1702110,NA,"Schiedam"
1702112,NA,"Capelle aan den IJssel"
1702118,NA,"Voorne aan Zee"
1702121,NA,"Capelle aan den IJssel"
1702123,NA,"Vlaardingen"
1702126,NA,"Goeree-Overflakkee"
1702130,NA,"Goeree-Overflakkee"
1702131,NA,"Capelle aan den IJssel"
1702135,NA,"Krimpen aan den IJssel"
1702148,NA,"Goeree-Overflakkee"
1702149,NA,"Goeree-Overflakkee"
1702151,NA,"Voorne aan Zee"
1702154,NA,"Capelle aan den IJssel"
1702172,NA,"Goeree-Overflakkee"
1702177,NA,"Nissewaard"
1702178,NA,"Vlaardingen"
1702189,NA,"Schiedam"
1702193,NA,"Schiedam"
1702194,NA,"Capelle aan den IJssel"
1702219,NA,"Voorne aan Zee"
1702236,NA,"Lansingerland"
1702241,NA,"Voorne aan Zee"
1702261,NA,"Nissewaard"
1702271,NA,"Lansingerland"
1702290,NA,"Krimpen aan den IJssel"
1702292,NA,"Goeree-Overflakkee"
1702294,NA,"Voorne aan Zee"
1702298,NA,"Voorne aan Zee"
1702301,NA,"Lansingerland"
1702305,NA,"Nissewaard"
1702314,NA,"Voorne aan Zee"
1702316,NA,"Vlaardingen"
1702357,NA,"Voorne aan Zee"
1702365,NA,"Schiedam"
1702369,NA,"Schiedam"
1702375,NA,"Maassluis"
1702382,NA,"Vlaardingen"
1702385,NA,"Ridderkerk"
1702387,NA,"Goeree-Overflakkee"
1702409,NA,"Voorne aan Zee"
1702425,NA,"Krimpen aan den IJssel"
1702426,NA,"Vlaardingen"
1702433,NA,"Ridderkerk"
1702436,NA,"Voorne aan Zee"
1702449,NA,"Schiedam"
1702451,NA,"Nissewaard"
1702464,NA,"Nissewaard"
1702465,NA,"Voorne aan Zee"
1702468,NA,"Voorne aan Zee"
1702471,NA,"Schiedam"
1702483,NA,"Capelle aan den IJssel"
1702485,NA,"Voorne aan Zee"
1702498,NA,"Ridderkerk"
1702500,NA,"Albrandswaard"
1702515,NA,"Lansingerland"
1702519,NA,"Nissewaard"
1702523,NA,"Schiedam"
1702527,NA,"Nissewaard"
1702535,NA,"Schiedam"
1702544,NA,"Nissewaard"
1702553,NA,"Voorne aan Zee"
1702556,NA,"Voorne aan Zee"
1702557,NA,"Nissewaard"
1702568,NA,"Ridderkerk"
1702569,NA,"Krimpen aan den IJssel"
1702574,NA,"Goeree-Overflakkee"
1702583,NA,"Lansingerland"
1702615,NA,"Schiedam"
1702617,NA,"Schiedam"
1702629,NA,"Ridderkerk"
1702630,NA,"Voorne aan Zee"
1702637,NA,"Goeree-Overflakkee"
1702638,NA,"Vlaardingen"
1702639,NA,"Voorne aan Zee"
1702643,NA,"Lansingerland"
1702644,NA,"Capelle aan den IJssel"
1702651,NA,"Capelle aan den IJssel"
1702661,NA,"Vlaardingen"
1702664,NA,"Capelle aan den IJssel"
1702665,NA,"Schiedam"
1702701,NA,"Schiedam"
1702712,NA,"Goeree-Overflakkee"
1702746,NA,"Schiedam"
1702765,NA,"Vlaardingen"
1702781,NA,"Barendrecht"
1702784,NA,"Nissewaard"
1702801,NA,"Goeree-Overflakkee"
1702804,NA,"Albrandswaard"
1702806,NA,"Albrandswaard"
1702815,NA,"Goeree-Overflakkee"
1702818,NA,"Albrandswaard"
1702822,NA,"Goeree-Overflakkee"
1702832,NA,"Goeree-Overflakkee"
1702835,NA,"Nissewaard"
1702837,NA,"Voorne aan Zee"
1702847,NA,"Goeree-Overflakkee"
1702848,NA,"Vlaardingen"
1702851,NA,"Vlaardingen"
1702878,NA,"Schiedam"
1702886,NA,"Vlaardingen"
1702888,NA,"Vlaardingen"
1702894,NA,"Vlaardingen"
1702916,NA,"Schiedam"
1702920,NA,"Nissewaard"
1702927,NA,"Goeree-Overflakkee"
1702929,NA,"Maassluis"
1702934,NA,"Voorne aan Zee"
1702936,NA,"Albrandswaard"
1702938,NA,"Lansingerland"
1702950,NA,"Nissewaard"
1702959,NA,"Nissewaard"
1702965,NA,"Vlaardingen"
1702971,NA,"Voorne aan Zee"
1702977,NA,"Vlaardingen"
1702979,NA,"Barendrecht"
1702990,NA,"Voorne aan Zee"
1702991,NA,"Ridderkerk"
1702996,NA,"Maassluis"
1703003,NA,"Voorne aan Zee"
1703015,NA,"Albrandswaard"
1703016,NA,"Barendrecht"
1703026,NA,"Krimpen aan den IJssel"
1703053,NA,"Nissewaard"
1703064,NA,"Barendrecht"
1703069,NA,"Lansingerland"
1703078,NA,"Voorne aan Zee"
1703082,NA,"Barendrecht"
1703086,NA,"Voorne aan Zee"
1703100,NA,"Schiedam"
1703101,NA,"Voorne aan Zee"
1703105,NA,"Lansingerland"
1703110,NA,"Voorne aan Zee"
1703113,NA,"Goeree-Overflakkee"
1703120,NA,"Goeree-Overflakkee"
1703124,NA,"Voorne aan Zee"
1703126,NA,"Krimpen aan den IJssel"
1703133,NA,"Nissewaard"
1703136,NA,"Nissewaard"
1703137,NA,"Capelle aan den IJssel"
1703151,NA,"Capelle aan den IJssel"
1703152,NA,"Capelle aan den IJssel"
1703154,NA,"Barendrecht"
1703158,NA,"Capelle aan den IJssel"
1703164,NA,"Voorne aan Zee"
1703166,NA,"Maassluis"
1703171,NA,"Krimpen aan den IJssel"
1703174,NA,"Barendrecht"
1703187,NA,"Lansingerland"
1703209,NA,"Nissewaard"
1703215,NA,"Goeree-Overflakkee"
1703224,NA,"Schiedam"
1703226,NA,"Vlaardingen"
1703237,NA,"Goeree-Overflakkee"
1703243,NA,"Nissewaard"
1703253,NA,"Schiedam"
1703262,NA,"Goeree-Overflakkee"
1703263,NA,"Voorne aan Zee"
1703273,NA,"Schiedam"
1703276,NA,"Voorne aan Zee"
1703280,NA,"Nissewaard"
1703298,NA,"Ridderkerk"
1703302,NA,"Vlaardingen"
1703303,NA,"Schiedam"
1703329,NA,"Barendrecht"
1703333,NA,"Ridderkerk"
1703342,NA,"Schiedam"
1703345,NA,"Vlaardingen"
1703346,NA,"Schiedam"
1703358,NA,"Maassluis"
1703362,NA,"Krimpen aan den IJssel"
1703367,NA,"Albrandswaard"
1703370,NA,"Krimpen aan den IJssel"
1703376,NA,"Vlaardingen"
1703390,NA,"Voorne aan Zee"
1703403,NA,"Ridderkerk"
1703406,NA,"Lansingerland"
1703408,NA,"Ridderkerk"
1703409,NA,"Goeree-Overflakkee"
1703414,NA,"Nissewaard"
1703417,NA,"Vlaardingen"
1703422,NA,"Ridderkerk"
1703431,NA,"Barendrecht"
1703443,NA,"Voorne aan Zee"
1703459,NA,"Krimpen aan den IJssel"
1703463,NA,"Goeree-Overflakkee"
1703472,NA,"Albrandswaard"
1703487,NA,"Capelle aan den IJssel"
1703490,NA,"Vlaardingen"
1703494,NA,"Vlaardingen"
1703495,NA,"Vlaardingen"
1703497,NA,"Krimpen aan den IJssel"
1703499,NA,"Goeree-Overflakkee"
1703522,NA,"Nissewaard"
1703533,NA,"Ridderkerk"
1703538,NA,"Schiedam"
1703575,NA,"Maassluis"
1703592,NA,"Goeree-Overflakkee"
1703593,NA,"Goeree-Overflakkee"
1703616,NA,"Krimpen aan den IJssel"
1703623,NA,"Barendrecht"
1703628,NA,"Capelle aan den IJssel"
1703634,NA,"Nissewaard"
1703645,NA,"Voorne aan Zee"
1703652,NA,"Voorne aan Zee"
1703658,NA,"Barendrecht"
1703688,NA,"Vlaardingen"
1703691,NA,"Vlaardingen"
1703701,NA,"Barendrecht"
1703703,NA,"Goeree-Overflakkee"
1703723,NA,"Vlaardingen"
1703725,NA,"Goeree-Overflakkee"
1703729,NA,"Capelle aan den IJssel"
1703738,NA,"Vlaardingen"
1703751,NA,"Ridderkerk"
1703754,NA,"Schiedam"
1703755,NA,"Voorne aan Zee"
1703789,NA,"Voorne aan Zee"
1703794,NA,"Voorne aan Zee"
1703812,NA,"Voorne aan Zee"
1703828,NA,"Vlaardingen"
1703845,NA,"Voorne aan Zee"
1703847,NA,"Albrandswaard"
1703851,NA,"Nissewaard"
1703875,NA,"Goeree-Overflakkee"
1703876,NA,"Albrandswaard"
1703879,NA,"Nissewaard"
1703880,NA,"Capelle aan den IJssel"
1703886,NA,"Schiedam"
1703894,NA,"Vlaardingen"
1703895,NA,"Krimpen aan den IJssel"
1703902,NA,"Vlaardingen"
1703907,NA,"Vlaardingen"
1703924,NA,"Schiedam"
1703930,NA,"Capelle aan den IJssel"
1703936,NA,"Lansingerland"
1703937,NA,"Schiedam"
1703938,NA,"Lansingerland"
1703946,NA,"Vlaardingen"
1703947,NA,"Goeree-Overflakkee"
1703948,NA,"Nissewaard"
1703952,NA,"Voorne aan Zee"
1703977,NA,"Voorne aan Zee"
1703981,NA,"Schiedam"
1703983,NA,"Lansingerland"
1703992,NA,"Maassluis"
1704002,NA,"Vlaardingen"
1704061,NA,"Goeree-Overflakkee"
1704065,NA,"Vlaardingen"
1704077,NA,"Voorne aan Zee"
1704082,NA,"Schiedam"
1704086,NA,"Nissewaard"
1704089,NA,"Barendrecht"
1704097,NA,"Krimpen aan den IJssel"
1704107,NA,"Vlaardingen"
1704109,NA,"Ridderkerk"
1704110,NA,"Goeree-Overflakkee"
1704129,NA,"Ridderkerk"
1704132,NA,"Maassluis"
1704141,NA,"Schiedam"
1704152,NA,"Capelle aan den IJssel"
1704155,NA,"Schiedam"
1704158,NA,"Voorne aan Zee"
1704164,NA,"Vlaardingen"
1704165,NA,"Goeree-Overflakkee"
1704167,NA,"Vlaardingen"
1704172,NA,"Schiedam"
1704174,NA,"Lansingerland"
1704181,NA,"Vlaardingen"
1704187,NA,"Voorne aan Zee"
1704202,NA,"Ridderkerk"
1704211,NA,"Voorne aan Zee"
1704215,NA,"Voorne aan Zee"
1704220,NA,"Lansingerland"
1704226,NA,"Goeree-Overflakkee"
1704227,NA,"Maassluis"
1704229,NA,"Lansingerland"
1704240,NA,"Schiedam"
1704249,NA,"Barendrecht"
1704257,NA,"Vlaardingen"
1704271,NA,"Ridderkerk"
1704280,NA,"Voorne aan Zee"
1704285,NA,"Schiedam"
1704296,NA,"Schiedam"
1704298,NA,"Voorne aan Zee"
1704301,NA,"Goeree-Overflakkee"
1704318,NA,"Vlaardingen"
1704322,NA,"Krimpen aan den IJssel"
1704326,NA,"Voorne aan Zee"
1704329,NA,"Capelle aan den IJssel"
1704343,NA,"Goeree-Overflakkee"
1704346,NA,"Krimpen aan den IJssel"
1704348,NA,"Goeree-Overflakkee"
1704349,NA,"Voorne aan Zee"
1704366,NA,"Albrandswaard"
1704373,NA,"Krimpen aan den IJssel"
1704376,NA,"Nissewaard"
1704377,NA,"Voorne aan Zee"
1704386,NA,"Voorne aan Zee"
1704404,NA,"Maassluis"
1704405,NA,"Capelle aan den IJssel"
1704410,NA,"Vlaardingen"
1704416,NA,"Vlaardingen"
1704417,NA,"Voorne aan Zee"
1704426,NA,"Voorne aan Zee"
1704429,NA,"Goeree-Overflakkee"
1704431,NA,"Vlaardingen"
1704436,NA,"Voorne aan Zee"
1704441,NA,"Goeree-Overflakkee"
1704454,NA,"Voorne aan Zee"
1704455,NA,"Capelle aan den IJssel"
1704457,NA,"Goeree-Overflakkee"
1704471,NA,"Nissewaard"
1704477,NA,"Lansingerland"
1704482,NA,"Lansingerland"
1704518,NA,"Goeree-Overflakkee"
1704524,NA,"Voorne aan Zee"
1704525,NA,"Goeree-Overflakkee"
1704527,NA,"Vlaardingen"
1704534,NA,"Vlaardingen"
1704541,NA,"Krimpen aan den IJssel"
1704542,NA,"Voorne aan Zee"
1704543,NA,"Barendrecht"
1704550,NA,"Vlaardingen"
1704566,NA,"Voorne aan Zee"
1704575,NA,"Schiedam"
1704597,NA,"Voorne aan Zee"
1704603,NA,"Vlaardingen"
1704607,NA,"Lansingerland"
1704610,NA,"Nissewaard"
1704632,NA,"Vlaardingen"
1704638,NA,"Ridderkerk"
1704645,NA,"Goeree-Overflakkee"
1704646,NA,"Ridderkerk"
1704653,NA,"Nissewaard"
1704655,NA,"Schiedam"
1704676,NA,"Schiedam"
1704681,NA,"Goeree-Overflakkee"
1704682,NA,"Vlaardingen"
1704698,NA,"Nissewaard"
1704699,NA,"Schiedam"
1704708,NA,"Vlaardingen"
1704722,NA,"Goeree-Overflakkee"
1704743,NA,"Ridderkerk"
1704746,NA,"Nissewaard"
1704757,NA,"Goeree-Overflakkee"
1704760,NA,"Voorne aan Zee"
1704766,NA,"Goeree-Overflakkee"
1704769,NA,"Voorne aan Zee"
1704778,NA,"Vlaardingen"
1704782,NA,"Albrandswaard"
1704799,NA,"Nissewaard"
1704800,NA,"Vlaardingen"
1704801,NA,"Albrandswaard"
1704803,NA,"Voorne aan Zee"
1704806,NA,"Schiedam"
1704808,NA,"Nissewaard"
1704811,NA,"Voorne aan Zee"
1704827,NA,"Nissewaard"
1704835,NA,"Voorne aan Zee"
1704836,NA,"Goeree-Overflakkee"
1704839,NA,"Goeree-Overflakkee"
1704842,NA,"Goeree-Overflakkee"
1704843,NA,"Voorne aan Zee"
1704858,NA,"Voorne aan Zee"
1704876,NA,"Schiedam"
1704884,NA,"Voorne aan Zee"
1704887,NA,"Schiedam"
1704900,NA,"Capelle aan den IJssel"
1704908,NA,"Capelle aan den IJssel"
1704912,NA,"Barendrecht"
1704914,NA,"Goeree-Overflakkee"
1704923,NA,"Krimpen aan den IJssel"
1704929,NA,"Voorne aan Zee"
1704932,NA,"Vlaardingen"
1704963,NA,"Lansingerland"
1704970,NA,"Goeree-Overflakkee"
1704978,NA,"Vlaardingen"
1704984,NA,"Voorne aan Zee"
1704999,NA,"Voorne aan Zee"
1705004,NA,"Nissewaard"
1705005,NA,"Vlaardingen"
1705013,NA,"Goeree-Overflakkee"
1705033,NA,"Maassluis"
1705041,NA,"Lansingerland"
1705053,NA,"Maassluis"
1705060,NA,"Voorne aan Zee"
1705078,NA,"Voorne aan Zee"
1705085,NA,"Goeree-Overflakkee"
1705115,NA,"Schiedam"
1705118,NA,"Ridderkerk"
1705120,NA,"Voorne aan Zee"
1705139,NA,"Vlaardingen"
1705147,NA,"Nissewaard"
1705149,NA,"Goeree-Overflakkee"
1705153,NA,"Goeree-Overflakkee"
1705161,NA,"Krimpen aan den IJssel"
1705163,NA,"Schiedam"
1705164,NA,"Capelle aan den IJssel"
1705167,NA,"Krimpen aan den IJssel"
1705169,NA,"Vlaardingen"
1705171,NA,"Nissewaard"
1705173,NA,"Voorne aan Zee"
1705190,NA,"Schiedam"
1705191,NA,"Goeree-Overflakkee"
1705193,NA,"Lansingerland"
1705198,NA,"Ridderkerk"
1705205,NA,"Vlaardingen"
1705208,NA,"Lansingerland"
1705209,NA,"Schiedam"
1705215,NA,"Voorne aan Zee"
1705227,NA,"Schiedam"
1705231,NA,"Nissewaard"
1705235,NA,"Goeree-Overflakkee"
1705236,NA,"Schiedam"
1705239,NA,"Schiedam"
1705256,NA,"Voorne aan Zee"
1705259,NA,"Vlaardingen"
1705264,NA,"Goeree-Overflakkee"
1705266,NA,"Vlaardingen"
1705268,NA,"Voorne aan Zee"
1705287,NA,"Voorne aan Zee"
1705292,NA,"Vlaardingen"
1705295,NA,"Schiedam"
1705296,NA,"Schiedam"
1705300,NA,"Albrandswaard"
1705303,NA,"Nissewaard"
1705308,NA,"Voorne aan Zee"
1705310,NA,"Voorne aan Zee"
1705311,NA,"Lansingerland"
1705312,NA,"Albrandswaard"
1705321,NA,"Vlaardingen"
1705323,NA,"Capelle aan den IJssel"
1705337,NA,"Lansingerland"
1705341,NA,"Schiedam"
1705344,NA,"Voorne aan Zee"
1705345,NA,"Ridderkerk"
1705347,NA,"Capelle aan den IJssel"
1705350,NA,"Vlaardingen"
1705362,NA,"Voorne aan Zee"
1705371,NA,"Voorne aan Zee"
1705373,NA,"Krimpen aan den IJssel"
1705384,NA,"Ridderkerk"
1705385,NA,"Voorne aan Zee"
1705399,NA,"Ridderkerk"
1705402,NA,"Goeree-Overflakkee"
1705403,NA,"Goeree-Overflakkee"
1705407,NA,"Schiedam"
1705416,NA,"Nissewaard"
1705423,NA,"Krimpen aan den IJssel"
1705424,NA,"Capelle aan den IJssel"
1705425,NA,"Krimpen aan den IJssel"
1705426,NA,"Voorne aan Zee"
1705429,NA,"Capelle aan den IJssel"
1705430,NA,"Voorne aan Zee"
1705432,NA,"Nissewaard"
1705466,NA,"Voorne aan Zee"
1705471,NA,"Krimpen aan den IJssel"
1705472,NA,"Vlaardingen"
1705478,NA,"Albrandswaard"
1705479,NA,"Krimpen aan den IJssel"
1705480,NA,"Goeree-Overflakkee"
1705486,NA,"Goeree-Overflakkee"
1705490,NA,"Voorne aan Zee"
1705493,NA,"Schiedam"
1705494,NA,"Voorne aan Zee"
1705496,NA,"Schiedam"
1705500,NA,"Goeree-Overflakkee"
1705505,NA,"Vlaardingen"
1705507,NA,"Vlaardingen"
1705508,NA,"Vlaardingen"
1705518,NA,"Voorne aan Zee"
1705520,NA,"Goeree-Overflakkee"
1705521,NA,"Vlaardingen"
1705527,NA,"Voorne aan Zee"
1705536,NA,"Vlaardingen"
1705538,NA,"Vlaardingen"
1705544,NA,"Barendrecht"
1705550,NA,"Vlaardingen"
1705552,NA,"Goeree-Overflakkee"
1705555,NA,"Lansingerland"
1705560,NA,"Nissewaard"
1705564,NA,"Goeree-Overflakkee"
1705579,NA,"Voorne aan Zee"
1705585,NA,"Voorne aan Zee"
1705586,NA,"Nissewaard"
1705589,NA,"Goeree-Overflakkee"
1705602,NA,"Voorne aan Zee"
1705605,NA,"Ridderkerk"
1705606,NA,"Ridderkerk"
1705610,NA,"Nissewaard"
1705615,NA,"Voorne aan Zee"
1705618,NA,"Krimpen aan den IJssel"
1705620,NA,"Voorne aan Zee"
1705629,NA,"Voorne aan Zee"
1705632,NA,"Albrandswaard"
1705649,NA,"Voorne aan Zee"
1705653,NA,"Voorne aan Zee"
1705656,NA,"Schiedam"
1705657,NA,"Goeree-Overflakkee"
1705678,NA,"Nissewaard"
1705679,NA,"Voorne aan Zee"
1705680,NA,"Goeree-Overflakkee"
1705687,NA,"Goeree-Overflakkee"
1705693,NA,"Goeree-Overflakkee"
1705704,NA,"Ridderkerk"
1705716,NA,"Voorne aan Zee"
1705718,NA,"Krimpen aan den IJssel"
1705731,NA,"Vlaardingen"
1705741,NA,"Voorne aan Zee"
1705746,NA,"Lansingerland"
1705751,NA,"Voorne aan Zee"
1705759,NA,"Nissewaard"
1705760,NA,"Voorne aan Zee"
1705761,NA,"Schiedam"
1705762,NA,"Ridderkerk"
1705778,NA,"Voorne aan Zee"
1705779,NA,"Vlaardingen"
1705831,NA,"Voorne aan Zee"
1705853,NA,"Nissewaard"
1705868,NA,"Voorne aan Zee"
1705910,NA,"Goeree-Overflakkee"
1705923,NA,"Goeree-Overflakkee"
1705930,NA,"Nissewaard"
1705937,NA,"Nissewaard"
1705942,NA,"Capelle aan den IJssel"
1705947,NA,"Voorne aan Zee"
1705954,NA,"Goeree-Overflakkee"
1705972,NA,"Voorne aan Zee"
1705973,NA,"Schiedam"
1706003,NA,"Voorne aan Zee"
1706004,NA,"Lansingerland"
1706007,NA,"Nissewaard"
1706014,NA,"Nissewaard"
1706017,NA,"Goeree-Overflakkee"
1706022,NA,"Krimpen aan den IJssel"
1706035,NA,"Voorne aan Zee"
1706036,NA,"Ridderkerk"
1706037,NA,"Ridderkerk"
1706038,NA,"Capelle aan den IJssel"
1706042,NA,"Vlaardingen"
1706043,NA,"Vlaardingen"
1706064,NA,"Ridderkerk"
1706066,NA,"Barendrecht"
1706077,NA,"Goeree-Overflakkee"
1706083,NA,"Barendrecht"
1706086,NA,"Voorne aan Zee"
1706100,NA,"Voorne aan Zee"
1706114,NA,"Schiedam"
1706127,NA,"Vlaardingen"
1706143,NA,"Voorne aan Zee"
1706149,NA,"Voorne aan Zee"
1706152,NA,"Albrandswaard"
1706154,NA,"Goeree-Overflakkee"
1706155,NA,"Lansingerland"
1706158,NA,"Voorne aan Zee"
1706164,NA,"Lansingerland"
1706165,NA,"Goeree-Overflakkee"
1706176,NA,"Vlaardingen"
1706177,NA,"Voorne aan Zee"
1706179,NA,"Capelle aan den IJssel"
1706183,NA,"Nissewaard"
1706195,NA,"Vlaardingen"
1706205,NA,"Barendrecht"
1706206,NA,"Voorne aan Zee"
1706208,NA,"Schiedam"
1706209,NA,"Voorne aan Zee"
1706210,NA,"Voorne aan Zee"
1706215,NA,"Goeree-Overflakkee"
1706225,NA,"Schiedam"
1706242,NA,"Voorne aan Zee"
1706248,NA,"Vlaardingen"
1706249,NA,"Krimpen aan den IJssel"
1706251,NA,"Voorne aan Zee"
1706252,NA,"Maassluis"
1706253,NA,"Maassluis"
1706258,NA,"Nissewaard"
1706260,NA,"Vlaardingen"
1706267,NA,"Capelle aan den IJssel"
1706292,NA,"Voorne aan Zee"
1706296,NA,"Schiedam"
1706299,NA,"Nissewaard"
1706303,NA,"Voorne aan Zee"
1706323,NA,"Goeree-Overflakkee"
1706329,NA,"Vlaardingen"
1706353,NA,"Nissewaard"
1706354,NA,"Lansingerland"
1706357,NA,"Nissewaard"
1706365,NA,"Goeree-Overflakkee"
1706367,NA,"Vlaardingen"
1706370,NA,"Voorne aan Zee"
1706372,NA,"Lansingerland"
1706381,NA,"Lansingerland"
1706399,NA,"Maassluis"
1706405,NA,"Voorne aan Zee"
1706411,NA,"Nissewaard"
1706420,NA,"Vlaardingen"
1706426,NA,"Vlaardingen"
1706438,NA,"Goeree-Overflakkee"
1706439,NA,"Albrandswaard"
1706441,NA,"Vlaardingen"
1706461,NA,"Capelle aan den IJssel"
1706467,NA,"Albrandswaard"
1706476,NA,"Voorne aan Zee"
1706481,NA,"Vlaardingen"
1706482,NA,"Vlaardingen"
1706507,NA,"Ridderkerk"
1706522,NA,"Lansingerland"
1706531,NA,"Voorne aan Zee"
1706536,NA,"Schiedam"
1706538,NA,"Lansingerland"
1706547,NA,"Vlaardingen"
1706551,NA,"Nissewaard"
1706553,NA,"Capelle aan den IJssel"
1706555,NA,"Nissewaard"
1706559,NA,"Goeree-Overflakkee"
1706562,NA,"Voorne aan Zee"
1706570,NA,"Capelle aan den IJssel"
1706573,NA,"Voorne aan Zee"
1706576,NA,"Barendrecht"
1706590,NA,"Nissewaard"
1706604,NA,"Capelle aan den IJssel"
1706612,NA,"Lansingerland"
1706624,NA,"Goeree-Overflakkee"
1706632,NA,"Goeree-Overflakkee"
1706643,NA,"Voorne aan Zee"
1706650,NA,"Schiedam"
1706656,NA,"Vlaardingen"
1706668,NA,"Schiedam"
1706669,NA,"Goeree-Overflakkee"
1706683,NA,"Ridderkerk"
1706696,NA,"Vlaardingen"
1706698,NA,"Barendrecht"
1706701,NA,"Goeree-Overflakkee"
1706705,NA,"Lansingerland"
1706708,NA,"Voorne aan Zee"
1706709,NA,"Goeree-Overflakkee"
1706710,NA,"Vlaardingen"
1706715,NA,"Ridderkerk"
1706731,NA,"Capelle aan den IJssel"
1706736,NA,"Goeree-Overflakkee"
1706737,NA,"Goeree-Overflakkee"
1706739,NA,"Voorne aan Zee"
1706743,NA,"Nissewaard"
1706748,NA,"Ridderkerk"
1706755,NA,"Schiedam"
1706757,NA,"Vlaardingen"
1706764,NA,"Voorne aan Zee"
1706765,NA,"Vlaardingen"
1706771,NA,"Schiedam"
1706775,NA,"Goeree-Overflakkee"
1706780,NA,"Goeree-Overflakkee"
1706785,NA,"Voorne aan Zee"
1706796,NA,"Vlaardingen"
1706802,NA,"Voorne aan Zee"
1706807,NA,"Nissewaard"
1706815,NA,"Krimpen aan den IJssel"
1706822,NA,"Nissewaard"
1706823,NA,"Schiedam"
1706833,NA,"Nissewaard"
1706843,NA,"Nissewaard"
1706846,NA,"Schiedam"
1706855,NA,"Goeree-Overflakkee"
1706871,NA,"Vlaardingen"
1706872,NA,"Vlaardingen"
1706875,NA,"Lansingerland"
1706876,NA,"Schiedam"
1706885,NA,"Nissewaard"
1706901,NA,"Schiedam"
1706930,NA,"Vlaardingen"
1706936,NA,"Ridderkerk"
1706943,NA,"Lansingerland"
1706945,NA,"Voorne aan Zee"
1706949,NA,"Krimpen aan den IJssel"
1706950,NA,"Capelle aan den IJssel"
1706951,NA,"Schiedam"
1706952,NA,"Lansingerland"
1706955,NA,"Vlaardingen"
1706963,NA,"Maassluis"
1706966,NA,"Albrandswaard"
1706974,NA,"Maassluis"
1706978,NA,"Goeree-Overflakkee"
1706999,NA,"Ridderkerk"
1707000,NA,"Voorne aan Zee"
1707009,NA,"Goeree-Overflakkee"
1707048,NA,"Vlaardingen"
1707050,NA,"Schiedam"
1707059,NA,"Voorne aan Zee"
1707060,NA,"Goeree-Overflakkee"
1707068,NA,"Nissewaard"
1707092,NA,"Lansingerland"
1707094,NA,"Albrandswaard"
1707103,NA,"Krimpen aan den IJssel"
1707104,NA,"Nissewaard"
1707120,NA,"Krimpen aan den IJssel"
1707127,NA,"Lansingerland"
1707130,NA,"Goeree-Overflakkee"
1707146,NA,"Voorne aan Zee"
1707155,NA,"Barendrecht"
1707165,NA,"Nissewaard"
1707186,NA,"Nissewaard"
1707187,NA,"Ridderkerk"
1707189,NA,"Nissewaard"
1707192,NA,"Voorne aan Zee"
1707197,NA,"Schiedam"
1707205,NA,"Nissewaard"
1707214,NA,"Voorne aan Zee"
1707216,NA,"Vlaardingen"
1707221,NA,"Voorne aan Zee"
1707222,NA,"Voorne aan Zee"
1707231,NA,"Capelle aan den IJssel"
1707252,NA,"Krimpen aan den IJssel"
1707264,NA,"Lansingerland"
1707268,NA,"Vlaardingen"
1707287,NA,"Schiedam"
1707289,NA,"Vlaardingen"
1707291,NA,"Vlaardingen"
1707293,NA,"Voorne aan Zee"
1707319,NA,"Vlaardingen"
1707323,NA,"Schiedam"
1707326,NA,"Vlaardingen"
1707335,NA,"Schiedam"
1707342,NA,"Capelle aan den IJssel"
1707364,NA,"Voorne aan Zee"
1707370,NA,"Capelle aan den IJssel"
1707372,NA,"Voorne aan Zee"
1707381,NA,"Vlaardingen"
1707386,NA,"Lansingerland"
1707393,NA,"Barendrecht"
1707405,NA,"Voorne aan Zee"
1707407,NA,"Voorne aan Zee"
1707410,NA,"Goeree-Overflakkee"
1707412,NA,"Voorne aan Zee"
1707413,NA,"Capelle aan den IJssel"
1707429,NA,"Voorne aan Zee"
1707442,NA,"Voorne aan Zee"
1707449,NA,"Lansingerland"
1707461,NA,"Voorne aan Zee"
1707462,NA,"Lansingerland"
1707469,NA,"Vlaardingen"
1707470,NA,"Krimpen aan den IJssel"
1707473,NA,"Nissewaard"
1707474,NA,"Schiedam"
1707482,NA,"Ridderkerk"
1707483,NA,"Goeree-Overflakkee"
1707489,NA,"Schiedam"
1707505,NA,"Nissewaard"
1707518,NA,"Schiedam"
1707523,NA,"Capelle aan den IJssel"
1707524,NA,"Schiedam"
1707546,NA,"Schiedam"
1707556,NA,"Goeree-Overflakkee"
1707557,NA,"Vlaardingen"
1707562,NA,"Goeree-Overflakkee"
1707571,NA,"Albrandswaard"
1707582,NA,"Krimpen aan den IJssel"
1707585,NA,"Nissewaard"
1707587,NA,"Voorne aan Zee"
1707594,NA,"Goeree-Overflakkee"
1707606,NA,"Ridderkerk"
1707609,NA,"Nissewaard"
1707612,NA,"Goeree-Overflakkee"
1707614,NA,"Capelle aan den IJssel"
1707619,NA,"Schiedam"
1707623,NA,"Goeree-Overflakkee"
1707640,NA,"Voorne aan Zee"
1707653,NA,"Goeree-Overflakkee"
1707662,NA,"Nissewaard"
1707665,NA,"Goeree-Overflakkee"
1707674,NA,"Vlaardingen"
1707681,NA,"Lansingerland"
1707688,NA,"Schiedam"
1707691,NA,"Goeree-Overflakkee"
1707699,NA,"Voorne aan Zee"
1707709,NA,"Vlaardingen"
1707721,NA,"Schiedam"
1707737,NA,"Voorne aan Zee"
1707741,NA,"Ridderkerk"
1707743,NA,"Maassluis"
1707750,NA,"Goeree-Overflakkee"
1707751,NA,"Lansingerland"
1707753,NA,"Vlaardingen"
1707757,NA,"Vlaardingen"
1707760,NA,"Voorne aan Zee"
1707769,NA,"Goeree-Overflakkee"
1707777,NA,"Voorne aan Zee"
1707784,NA,"Vlaardingen"
1707787,NA,"Schiedam"
1707791,NA,"Goeree-Overflakkee"
1707794,NA,"Nissewaard"
1707795,NA,"Goeree-Overflakkee"
1707796,NA,"Capelle aan den IJssel"
1707801,NA,"Schiedam"
1707802,NA,"Schiedam"
1707809,NA,"Ridderkerk"
1707845,NA,"Krimpen aan den IJssel"
1707846,NA,"Krimpen aan den IJssel"
1707859,NA,"Schiedam"
1707860,NA,"Ridderkerk"
1707865,NA,"Voorne aan Zee"
1707873,NA,"Vlaardingen"
1707878,NA,"Lansingerland"
1707892,NA,"Krimpen aan den IJssel"
1707893,NA,"Voorne aan Zee"
1707905,NA,"Voorne aan Zee"
1707908,NA,"Vlaardingen"
1707909,NA,"Ridderkerk"
1707912,NA,"Vlaardingen"
1707928,NA,"Voorne aan Zee"
1707929,NA,"Capelle aan den IJssel"
1707935,NA,"Ridderkerk"
1707939,NA,"Voorne aan Zee"
1707941,NA,"Ridderkerk"
1707943,NA,"Schiedam"
1707949,NA,"Vlaardingen"
1707961,NA,"Voorne aan Zee"
1707963,NA,"Vlaardingen"
1707967,NA,"Schiedam"
1707968,NA,"Schiedam"
1707969,NA,"Vlaardingen"
1707976,NA,"Vlaardingen"
1707983,NA,"Ridderkerk"
1707986,NA,"Capelle aan den IJssel"
1707993,NA,"Krimpen aan den IJssel"
1707999,NA,"Lansingerland"
1708008,NA,"Schiedam"
1708019,NA,"Nissewaard"
1708021,NA,"Voorne aan Zee"
1708026,NA,"Barendrecht"
1708034,NA,"Vlaardingen"
1708037,NA,"Krimpen aan den IJssel"
1708041,NA,"Goeree-Overflakkee"
1708042,NA,"Ridderkerk"
1708054,NA,"Ridderkerk"
1708055,NA,"Vlaardingen"
1708057,NA,"Capelle aan den IJssel"
1708072,NA,"Goeree-Overflakkee"
1708085,NA,"Goeree-Overflakkee"
1708094,NA,"Ridderkerk"
1708095,NA,"Goeree-Overflakkee"
1708100,NA,"Capelle aan den IJssel"
1708110,NA,"Krimpen aan den IJssel"
1708117,NA,"Nissewaard"
1708132,NA,"Capelle aan den IJssel"
1708136,NA,"Vlaardingen"
1708140,NA,"Lansingerland"
1708152,NA,"Schiedam"
1708166,NA,"Nissewaard"
1708177,NA,"Goeree-Overflakkee"
1708179,NA,"Voorne aan Zee"
1708180,NA,"Krimpen aan den IJssel"
1708191,NA,"Barendrecht"
1708203,NA,"Vlaardingen"
1708205,NA,"Goeree-Overflakkee"
1708217,NA,"Schiedam"
1708244,NA,"Vlaardingen"
1708250,NA,"Vlaardingen"
1708251,NA,"Barendrecht"
1708259,NA,"Capelle aan den IJssel"
1708264,NA,"Capelle aan den IJssel"
1708265,NA,"Maassluis"
1708294,NA,"Voorne aan Zee"
1708295,NA,"Vlaardingen"
1708301,NA,"Voorne aan Zee"
1708304,NA,"Ridderkerk"
1708307,NA,"Capelle aan den IJssel"
1708308,NA,"Krimpen aan den IJssel"
1708312,NA,"Vlaardingen"
1708331,NA,"Goeree-Overflakkee"
1708332,NA,"Schiedam"
1708333,NA,"Voorne aan Zee"
1708338,NA,"Schiedam"
1708350,NA,"Vlaardingen"
1708357,NA,"Vlaardingen"
1708359,NA,"Ridderkerk"
1708364,NA,"Voorne aan Zee"
1708375,NA,"Albrandswaard"
1708378,NA,"Voorne aan Zee"
1708385,NA,"Goeree-Overflakkee"
1708387,NA,"Goeree-Overflakkee"
1708392,NA,"Lansingerland"
1708400,NA,"Schiedam"
1708409,NA,"Voorne aan Zee"
1708416,NA,"Nissewaard"
1708417,NA,"Goeree-Overflakkee"
1708427,NA,"Voorne aan Zee"
1708442,NA,"Maassluis"
1708444,NA,"Albrandswaard"
1708446,NA,"Barendrecht"
1708449,NA,"Lansingerland"
1708456,NA,"Lansingerland"
1708464,NA,"Vlaardingen"
1708475,NA,"Vlaardingen"
1708483,NA,"Vlaardingen"
1700005,NA,"Goeree-Overflakkee"
1700006,NA,"Albrandswaard"
1700012,NA,"Lansingerland"
1700035,NA,"Vlaardingen"
1700037,NA,"Lansingerland"
1700039,NA,"Goeree-Overflakkee"
1700043,NA,"Voorne aan Zee"
1700055,NA,"Goeree-Overflakkee"
1700056,NA,"Goeree-Overflakkee"
1700066,NA,"Voorne aan Zee"
1700070,NA,"Voorne aan Zee"
1700075,NA,"Voorne aan Zee"
1700077,NA,"Voorne aan Zee"
1700082,NA,"Vlaardingen"
1700091,NA,"Nissewaard"
1700107,NA,"Vlaardingen"
1700115,NA,"Voorne aan Zee"
1700121,NA,"Goeree-Overflakkee"
1700149,NA,"Krimpen aan den IJssel"
1700154,NA,"Goeree-Overflakkee"
1700156,NA,"Goeree-Overflakkee"
1700169,NA,"Voorne aan Zee"
1700193,NA,"Voorne aan Zee"
1700217,NA,"Vlaardingen"
1700228,NA,"Voorne aan Zee"
1700241,NA,"Voorne aan Zee"
1700250,NA,"Capelle aan den IJssel"
1700261,NA,"Vlaardingen"
1700270,NA,"Goeree-Overflakkee"
1700276,NA,"Vlaardingen"
1700284,NA,"Nissewaard"
1700296,NA,"Vlaardingen"
1700302,NA,"Lansingerland"
1700308,NA,"Krimpen aan den IJssel"
1700311,NA,"Vlaardingen"
1700314,NA,"Krimpen aan den IJssel"
1700315,NA,"Goeree-Overflakkee"
1700318,NA,"Voorne aan Zee"
1700329,NA,"Vlaardingen"
1700359,NA,"Nissewaard"
1700364,NA,"Voorne aan Zee"
1700369,NA,"Lansingerland"
1700383,NA,"Voorne aan Zee"
1700394,NA,"Goeree-Overflakkee"
1700412,NA,"Voorne aan Zee"
1700413,NA,"Schiedam"
1700418,NA,"Barendrecht"
1700427,NA,"Capelle aan den IJssel"
1700434,NA,"Goeree-Overflakkee"
1700435,NA,"Nissewaard"
1700441,NA,"Voorne aan Zee"
1700451,NA,"Nissewaard"
1700470,NA,"Goeree-Overflakkee"
1700482,NA,"Voorne aan Zee"
1700502,NA,"Voorne aan Zee"
1700507,NA,"Voorne aan Zee"
1700511,NA,"Krimpen aan den IJssel"
1700538,NA,"Albrandswaard"
1700541,NA,"Vlaardingen"
1700555,NA,"Vlaardingen"
1700562,NA,"Voorne aan Zee"
1700578,NA,"Nissewaard"
1700582,NA,"Krimpen aan den IJssel"
1700589,NA,"Schiedam"
1700590,NA,"Vlaardingen"
1700606,NA,"Goeree-Overflakkee"
1700607,NA,"Schiedam"
1700610,NA,"Goeree-Overflakkee"
1700611,NA,"Goeree-Overflakkee"
1700612,NA,"Vlaardingen"
1700614,NA,"Ridderkerk"
1700625,NA,"Voorne aan Zee"
1700630,NA,"Lansingerland"
1700631,NA,"Ridderkerk"
1700640,NA,"Voorne aan Zee"
1700651,NA,"Voorne aan Zee"
1700653,NA,"Albrandswaard"
1700657,NA,"Vlaardingen"
1700658,NA,"Maassluis"
1700681,NA,"Nissewaard"
1700696,NA,"Goeree-Overflakkee"
1700707,NA,"Voorne aan Zee"
1700736,NA,"Voorne aan Zee"
1700748,NA,"Voorne aan Zee"
1700759,NA,"Schiedam"
1700764,NA,"Nissewaard"
1700776,NA,"Goeree-Overflakkee"
1700777,NA,"Voorne aan Zee"
1700782,NA,"Nissewaard"
1700799,NA,"Nissewaard"
1700800,NA,"Goeree-Overflakkee"
1700853,NA,"Voorne aan Zee"
1700857,NA,"Voorne aan Zee"
1700885,NA,"Vlaardingen"
1700893,NA,"Voorne aan Zee"
1700896,NA,"Goeree-Overflakkee"
1700905,NA,"Ridderkerk"
1700930,NA,"Lansingerland"
1700948,NA,"Maassluis"
1700957,NA,"Schiedam"
1700970,NA,"Krimpen aan den IJssel"
1700972,NA,"Lansingerland"
1700973,NA,"Vlaardingen"
1700974,NA,"Maassluis"
1700994,NA,"Goeree-Overflakkee"
1701000,NA,"Capelle aan den IJssel"
1701009,NA,"Voorne aan Zee"
1701012,NA,"Capelle aan den IJssel"
1701020,NA,"Vlaardingen"
1701021,NA,"Goeree-Overflakkee"
1701033,NA,"Voorne aan Zee"
1701034,NA,"Schiedam"
1701042,NA,"Lansingerland"
1701044,NA,"Krimpen aan den IJssel"
1701050,NA,"Vlaardingen"
1701057,NA,"Voorne aan Zee"
1701070,NA,"Vlaardingen"
1701120,NA,"Lansingerland"
1701121,NA,"Ridderkerk"
1701126,NA,"Vlaardingen"
1701128,NA,"Vlaardingen"
1701178,NA,"Vlaardingen"
1701187,NA,"Voorne aan Zee"
1701189,NA,"Voorne aan Zee"
1701199,NA,"Lansingerland"
1701203,NA,"Goeree-Overflakkee"
1701205,NA,"Lansingerland"
1701215,NA,"Vlaardingen"
1701218,NA,"Nissewaard"
1701225,NA,"Capelle aan den IJssel"
1701229,NA,"Schiedam"
1701239,NA,"Capelle aan den IJssel"
1701240,NA,"Vlaardingen"
1701241,NA,"Voorne aan Zee"
1701242,NA,"Maassluis"
1701243,NA,"Goeree-Overflakkee"
1701247,NA,"Schiedam"
1701259,NA,"Goeree-Overflakkee"
1701265,NA,"Schiedam"
1701277,NA,"Vlaardingen"
1701280,NA,"Ridderkerk"
1701306,NA,"Capelle aan den IJssel"
1701310,NA,"Goeree-Overflakkee"
1701315,NA,"Voorne aan Zee"
1701341,NA,"Lansingerland"
1701361,NA,"Nissewaard"
1701363,NA,"Voorne aan Zee"
1701369,NA,"Voorne aan Zee"
1701370,NA,"Nissewaard"
1701376,NA,"Goeree-Overflakkee"
1701396,NA,"Vlaardingen"
1701403,NA,"Goeree-Overflakkee"
1701404,NA,"Voorne aan Zee"
1701411,NA,"Krimpen aan den IJssel"
1701442,NA,"Schiedam"
1701447,NA,"Voorne aan Zee"
1701449,NA,"Goeree-Overflakkee"
1701453,NA,"Nissewaard"
1701459,NA,"Nissewaard"
1701460,NA,"Nissewaard"
1701468,NA,"Lansingerland"
1701474,NA,"Vlaardingen"
1701487,NA,"Lansingerland"
1701488,NA,"Schiedam"
1701492,NA,"Voorne aan Zee"
1701496,NA,"Nissewaard"
1701504,NA,"Lansingerland"
1701515,NA,"Maassluis"
1701521,NA,"Voorne aan Zee"
1701536,NA,"Schiedam"
1701552,NA,"Vlaardingen"
1701559,NA,"Lansingerland"
1701567,NA,"Nissewaard"
1701568,NA,"Lansingerland"
1701573,NA,"Barendrecht"
1701585,NA,"Voorne aan Zee"
1701628,NA,"Voorne aan Zee"
1701634,NA,"Nissewaard"
1701646,NA,"Voorne aan Zee"
1701649,NA,"Schiedam"
1701655,NA,"Vlaardingen"
1701659,NA,"Voorne aan Zee"
1701660,NA,"Vlaardingen"
1701663,NA,"Barendrecht"
1701682,NA,"Ridderkerk"
1701683,NA,"Goeree-Overflakkee"
1701685,NA,"Voorne aan Zee"
1701687,NA,"Vlaardingen"
1701722,NA,"Voorne aan Zee"
1701736,NA,"Barendrecht"
1701745,NA,"Goeree-Overflakkee"
1701771,NA,"Albrandswaard"
1701772,NA,"Voorne aan Zee"
1701784,NA,"Vlaardingen"
1701789,NA,"Lansingerland"
1701801,NA,"Nissewaard"
1701808,NA,"Vlaardingen"
1701817,NA,"Goeree-Overflakkee"
1701819,NA,"Maassluis"
1701824,NA,"Goeree-Overflakkee"
1701829,NA,"Nissewaard"
1701831,NA,"Ridderkerk"
1701848,NA,"Capelle aan den IJssel"
1701851,NA,"Schiedam"
1701866,NA,"Ridderkerk"
1701895,NA,"Schiedam"
1701897,NA,"Nissewaard"
1701898,NA,"Maassluis"
1701908,NA,"Voorne aan Zee"
1701916,NA,"Goeree-Overflakkee"
1701922,NA,"Lansingerland"
1701933,NA,"Voorne aan Zee"
1701937,NA,"Goeree-Overflakkee"
1701943,NA,"Lansingerland"
1701946,NA,"Ridderkerk"
1701967,NA,"Lansingerland"
1701974,NA,"Krimpen aan den IJssel"
1701977,NA,"Goeree-Overflakkee"
1701979,NA,"Nissewaard"
1702016,NA,"Goeree-Overflakkee"
1702024,NA,"Vlaardingen"
1702034,NA,"Goeree-Overflakkee"
1702044,NA,"Goeree-Overflakkee"
1702052,NA,"Schiedam"
1702059,NA,"Goeree-Overflakkee"
1702067,NA,"Ridderkerk"
1702074,NA,"Nissewaard"
1702077,NA,"Barendrecht"
1702083,NA,"Nissewaard"
1702088,NA,"Nissewaard"
1702091,NA,"Goeree-Overflakkee"
1702094,NA,"Barendrecht"
1702109,NA,"Goeree-Overflakkee"
1702114,NA,"Schiedam"
1702117,NA,"Schiedam"
1702128,NA,"Goeree-Overflakkee"
1702136,NA,"Capelle aan den IJssel"
1702143,NA,"Ridderkerk"
1702160,NA,"Ridderkerk"
1702162,NA,"Voorne aan Zee"
1702168,NA,"Krimpen aan den IJssel"
1702171,NA,"Barendrecht"
1702173,NA,"Voorne aan Zee"
1702180,NA,"Schiedam"
1702183,NA,"Voorne aan Zee"
1702184,NA,"Schiedam"
1702197,NA,"Vlaardingen"
1702198,NA,"Goeree-Overflakkee"
1702200,NA,"Lansingerland"
1702215,NA,"Voorne aan Zee"
1702221,NA,"Schiedam"
1702238,NA,"Goeree-Overflakkee"
1702240,NA,"Voorne aan Zee"
1702244,NA,"Voorne aan Zee"
1702258,NA,"Vlaardingen"
1702299,NA,"Capelle aan den IJssel"
1702313,NA,"Goeree-Overflakkee"
1702315,NA,"Krimpen aan den IJssel"
1702325,NA,"Albrandswaard"
1702328,NA,"Voorne aan Zee"
1702334,NA,"Voorne aan Zee"
1702336,NA,"Vlaardingen"
1702349,NA,"Vlaardingen"
1702353,NA,"Lansingerland"
1702366,NA,"Krimpen aan den IJssel"
1702373,NA,"Nissewaard"
1702383,NA,"Goeree-Overflakkee"
1702392,NA,"Maassluis"
1702395,NA,"Goeree-Overflakkee"
1702397,NA,"Krimpen aan den IJssel"
1702403,NA,"Goeree-Overflakkee"
1702432,NA,"Krimpen aan den IJssel"
1702450,NA,"Nissewaard"
1702460,NA,"Vlaardingen"
1702461,NA,"Vlaardingen"
1702462,NA,"Voorne aan Zee"
1702474,NA,"Capelle aan den IJssel"
1702476,NA,"Goeree-Overflakkee"
1702501,NA,"Capelle aan den IJssel"
1702509,NA,"Barendrecht"
1702516,NA,"Ridderkerk"
1702522,NA,"Voorne aan Zee"
1702529,NA,"Vlaardingen"
1702554,NA,"Voorne aan Zee"
1702561,NA,"Voorne aan Zee"
1702570,NA,"Goeree-Overflakkee"
1702572,NA,"Ridderkerk"
1702579,NA,"Voorne aan Zee"
1702601,NA,"Vlaardingen"
1702602,NA,"Voorne aan Zee"
1702604,NA,"Voorne aan Zee"
1702606,NA,"Ridderkerk"
1702616,NA,"Schiedam"
1702620,NA,"Vlaardingen"
1702623,NA,"Albrandswaard"
1702634,NA,"Voorne aan Zee"
1702652,NA,"Voorne aan Zee"
1702653,NA,"Capelle aan den IJssel"
1702663,NA,"Voorne aan Zee"
1702668,NA,"Krimpen aan den IJssel"
1702678,NA,"Albrandswaard"
1702707,NA,"Lansingerland"
1702714,NA,"Schiedam"
1702717,NA,"Goeree-Overflakkee"
1702721,NA,"Lansingerland"
1702722,NA,"Capelle aan den IJssel"
1702734,NA,"Krimpen aan den IJssel"
1702739,NA,"Goeree-Overflakkee"
1702748,NA,"Krimpen aan den IJssel"
1702756,NA,"Voorne aan Zee"
1702767,NA,"Vlaardingen"
1702780,NA,"Voorne aan Zee"
1702783,NA,"Voorne aan Zee"
1702813,NA,"Maassluis"
1702817,NA,"Voorne aan Zee"
1702823,NA,"Maassluis"
1702824,NA,"Nissewaard"
1702825,NA,"Voorne aan Zee"
1702828,NA,"Capelle aan den IJssel"
1702834,NA,"Vlaardingen"
1702843,NA,"Voorne aan Zee"
1702874,NA,"Voorne aan Zee"
1702885,NA,"Nissewaard"
1702898,NA,"Goeree-Overflakkee"
1702900,NA,"Nissewaard"
1702906,NA,"Krimpen aan den IJssel"
1702907,NA,"Goeree-Overflakkee"
1702914,NA,"Maassluis"
1702939,NA,"Schiedam"
1702943,NA,"Voorne aan Zee"
1702946,NA,"Goeree-Overflakkee"
1702947,NA,"Maassluis"
1702953,NA,"Voorne aan Zee"
1702988,NA,"Ridderkerk"
1703000,NA,"Goeree-Overflakkee"
1703020,NA,"Vlaardingen"
1703023,NA,"Krimpen aan den IJssel"
1703029,NA,"Voorne aan Zee"
1703034,NA,"Lansingerland"
1703035,NA,"Krimpen aan den IJssel"
1703050,NA,"Vlaardingen"
1703051,NA,"Voorne aan Zee"
1703062,NA,"Voorne aan Zee"
1703068,NA,"Voorne aan Zee"
1703072,NA,"Schiedam"
1703085,NA,"Nissewaard"
1703087,NA,"Voorne aan Zee"
1703099,NA,"Goeree-Overflakkee"
1703109,NA,"Capelle aan den IJssel"
1703122,NA,"Nissewaard"
1703135,NA,"Krimpen aan den IJssel"
1703138,NA,"Voorne aan Zee"
1703139,NA,"Goeree-Overflakkee"
1703143,NA,"Schiedam"
1703145,NA,"Voorne aan Zee"
1703167,NA,"Voorne aan Zee"
1703176,NA,"Schiedam"
1703178,NA,"Goeree-Overflakkee"
1703181,NA,"Albrandswaard"
1703195,NA,"Maassluis"
1703205,NA,"Lansingerland"
1703213,NA,"Voorne aan Zee"
1703217,NA,"Vlaardingen"
1703219,NA,"Lansingerland"
1703221,NA,"Schiedam"
1703228,NA,"Goeree-Overflakkee"
1703229,NA,"Voorne aan Zee"
1703231,NA,"Capelle aan den IJssel"
1703236,NA,"Goeree-Overflakkee"
1703251,NA,"Voorne aan Zee"
1703257,NA,"Goeree-Overflakkee"
1703258,NA,"Barendrecht"
1703277,NA,"Vlaardingen"
1703281,NA,"Krimpen aan den IJssel"
1703282,NA,"Ridderkerk"
1703291,NA,"Schiedam"
1703305,NA,"Voorne aan Zee"
1703318,NA,"Ridderkerk"
1703360,NA,"Voorne aan Zee"
1703361,NA,"Voorne aan Zee"
1703366,NA,"Schiedam"
1703382,NA,"Vlaardingen"
1703385,NA,"Lansingerland"
1703391,NA,"Nissewaard"
1703399,NA,"Schiedam"
1703413,NA,"Nissewaard"
1703427,NA,"Vlaardingen"
1703445,NA,"Goeree-Overflakkee"
1703450,NA,"Voorne aan Zee"
1703454,NA,"Nissewaard"
1703475,NA,"Capelle aan den IJssel"
1703476,NA,"Voorne aan Zee"
1703482,NA,"Voorne aan Zee"
1703496,NA,"Lansingerland"
1703504,NA,"Krimpen aan den IJssel"
1703505,NA,"Goeree-Overflakkee"
1703546,NA,"Vlaardingen"
1703557,NA,"Voorne aan Zee"
1703562,NA,"Schiedam"
1703587,NA,"Voorne aan Zee"
1703588,NA,"Ridderkerk"
1703594,NA,"Voorne aan Zee"
1703599,NA,"Voorne aan Zee"
1703601,NA,"Schiedam"
1703603,NA,"Voorne aan Zee"
1703606,NA,"Barendrecht"
1703619,NA,"Maassluis"
1703620,NA,"Barendrecht"
1703641,NA,"Voorne aan Zee"
1703670,NA,"Goeree-Overflakkee"
1703673,NA,"Goeree-Overflakkee"
1703674,NA,"Nissewaard"
1703698,NA,"Goeree-Overflakkee"
1703709,NA,"Ridderkerk"
1703710,NA,"Voorne aan Zee"
1703718,NA,"Capelle aan den IJssel"
1703726,NA,"Krimpen aan den IJssel"
1703734,NA,"Lansingerland"
1703761,NA,"Barendrecht"
1703762,NA,"Vlaardingen"
1703766,NA,"Voorne aan Zee"
1703769,NA,"Capelle aan den IJssel"
1703776,NA,"Vlaardingen"
1703783,NA,"Schiedam"
1703784,NA,"Goeree-Overflakkee"
1703803,NA,"Voorne aan Zee"
1703807,NA,"Voorne aan Zee"
1703815,NA,"Barendrecht"
1703829,NA,"Voorne aan Zee"
1703838,NA,"Goeree-Overflakkee"
1703843,NA,"Nissewaard"
1703852,NA,"Vlaardingen"
1703856,NA,"Vlaardingen"
1703858,NA,"Vlaardingen"
1703862,NA,"Krimpen aan den IJssel"
1703864,NA,"Voorne aan Zee"
1703897,NA,"Barendrecht"
1703911,NA,"Voorne aan Zee"
1703912,NA,"Maassluis"
1703919,NA,"Capelle aan den IJssel"
1703923,NA,"Vlaardingen"
1703940,NA,"Goeree-Overflakkee"
1703942,NA,"Voorne aan Zee"
1703950,NA,"Schiedam"
1703951,NA,"Goeree-Overflakkee"
1703954,NA,"Lansingerland"
1703957,NA,"Goeree-Overflakkee"
1703960,NA,"Vlaardingen"
1703963,NA,"Albrandswaard"
1703966,NA,"Lansingerland"
1703968,NA,"Schiedam"
1703976,NA,"Vlaardingen"
1703979,NA,"Goeree-Overflakkee"
1703986,NA,"Krimpen aan den IJssel"
1703993,NA,"Barendrecht"
1703995,NA,"Schiedam"
1704004,NA,"Vlaardingen"
1704007,NA,"Voorne aan Zee"
1704019,NA,"Nissewaard"
1704020,NA,"Nissewaard"
1704027,NA,"Voorne aan Zee"
1704028,NA,"Ridderkerk"
1704030,NA,"Voorne aan Zee"
1704032,NA,"Albrandswaard"
1704042,NA,"Vlaardingen"
1704044,NA,"Voorne aan Zee"
1704048,NA,"Lansingerland"
1704064,NA,"Voorne aan Zee"
1704067,NA,"Voorne aan Zee"
1704070,NA,"Barendrecht"
1704072,NA,"Voorne aan Zee"
1704076,NA,"Voorne aan Zee"
1704079,NA,"Vlaardingen"
1704080,NA,"Nissewaard"
1704090,NA,"Vlaardingen"
1704092,NA,"Nissewaard"
1704094,NA,"Vlaardingen"
1704113,NA,"Schiedam"
1704116,NA,"Goeree-Overflakkee"
1704121,NA,"Voorne aan Zee"
1704125,NA,"Krimpen aan den IJssel"
1704126,NA,"Krimpen aan den IJssel"
1704137,NA,"Vlaardingen"
1704157,NA,"Krimpen aan den IJssel"
1704159,NA,"Lansingerland"
1704163,NA,"Nissewaard"
1704170,NA,"Nissewaard"
1704177,NA,"Lansingerland"
1704178,NA,"Krimpen aan den IJssel"
1704179,NA,"Capelle aan den IJssel"
1704180,NA,"Vlaardingen"
1704185,NA,"Nissewaard"
1704196,NA,"Vlaardingen"
1704199,NA,"Nissewaard"
1704224,NA,"Goeree-Overflakkee"
1704228,NA,"Lansingerland"
1704247,NA,"Goeree-Overflakkee"
1704248,NA,"Vlaardingen"
1704250,NA,"Voorne aan Zee"
1704252,NA,"Nissewaard"
1704254,NA,"Voorne aan Zee"
1704255,NA,"Voorne aan Zee"
1704258,NA,"Vlaardingen"
1704264,NA,"Lansingerland"
1704274,NA,"Goeree-Overflakkee"
1704277,NA,"Goeree-Overflakkee"
1704315,NA,"Nissewaard"
1704319,NA,"Barendrecht"
1704354,NA,"Vlaardingen"
1704358,NA,"Voorne aan Zee"
1704362,NA,"Voorne aan Zee"
1704363,NA,"Albrandswaard"
1704364,NA,"Voorne aan Zee"
1704381,NA,"Goeree-Overflakkee"
1704388,NA,"Goeree-Overflakkee"
1704397,NA,"Goeree-Overflakkee"
1704398,NA,"Capelle aan den IJssel"
1704406,NA,"Ridderkerk"
1704413,NA,"Goeree-Overflakkee"
1704422,NA,"Voorne aan Zee"
1704427,NA,"Nissewaard"
1704428,NA,"Voorne aan Zee"
1704432,NA,"Lansingerland"
1704438,NA,"Goeree-Overflakkee"
1704442,NA,"Barendrecht"
1704443,NA,"Barendrecht"
1704445,NA,"Goeree-Overflakkee"
1704448,NA,"Voorne aan Zee"
1704459,NA,"Barendrecht"
1704460,NA,"Nissewaard"
1704465,NA,"Voorne aan Zee"
1704466,NA,"Maassluis"
1704487,NA,"Krimpen aan den IJssel"
1704488,NA,"Schiedam"
1704492,NA,"Ridderkerk"
1704494,NA,"Nissewaard"
1704500,NA,"Voorne aan Zee"
1704505,NA,"Goeree-Overflakkee"
1704514,NA,"Barendrecht"
1704523,NA,"Voorne aan Zee"
1704539,NA,"Maassluis"
1704544,NA,"Goeree-Overflakkee"
1704557,NA,"Vlaardingen"
1704568,NA,"Goeree-Overflakkee"
1704583,NA,"Capelle aan den IJssel"
1704592,NA,"Voorne aan Zee"
1704600,NA,"Vlaardingen"
1704602,NA,"Capelle aan den IJssel"
1704613,NA,"Goeree-Overflakkee"
1704616,NA,"Vlaardingen"
1704634,NA,"Goeree-Overflakkee"
1704640,NA,"Vlaardingen"
1704652,NA,"Vlaardingen"
1704674,NA,"Goeree-Overflakkee"
1704677,NA,"Barendrecht"
1704678,NA,"Goeree-Overflakkee"
1704683,NA,"Goeree-Overflakkee"
1704691,NA,"Lansingerland"
1704700,NA,"Barendrecht"
1704701,NA,"Nissewaard"
1704704,NA,"Voorne aan Zee"
1704706,NA,"Goeree-Overflakkee"
1704712,NA,"Voorne aan Zee"
1704716,NA,"Goeree-Overflakkee"
1704719,NA,"Goeree-Overflakkee"
1704728,NA,"Voorne aan Zee"
1704729,NA,"Voorne aan Zee"
1704751,NA,"Goeree-Overflakkee"
1704754,NA,"Goeree-Overflakkee"
1704759,NA,"Nissewaard"
1704764,NA,"Goeree-Overflakkee"
1704770,NA,"Maassluis"
1704793,NA,"Nissewaard"
1704798,NA,"Voorne aan Zee"
1704802,NA,"Nissewaard"
1704813,NA,"Albrandswaard"
1704816,NA,"Voorne aan Zee"
1704819,NA,"Nissewaard"
1704846,NA,"Vlaardingen"
1704847,NA,"Ridderkerk"
1704852,NA,"Schiedam"
1704853,NA,"Nissewaard"
1704865,NA,"Krimpen aan den IJssel"
1704867,NA,"Lansingerland"
1704881,NA,"Goeree-Overflakkee"
1704894,NA,"Vlaardingen"
1704903,NA,"Schiedam"
1704905,NA,"Lansingerland"
1704915,NA,"Barendrecht"
1704919,NA,"Voorne aan Zee"
1704926,NA,"Krimpen aan den IJssel"
1704928,NA,"Goeree-Overflakkee"
1704934,NA,"Vlaardingen"
1704937,NA,"Vlaardingen"
1704952,NA,"Lansingerland"
1704965,NA,"Goeree-Overflakkee"
1704979,NA,"Capelle aan den IJssel"
1704981,NA,"Vlaardingen"
1704992,NA,"Capelle aan den IJssel"
1704994,NA,"Schiedam"
1705001,NA,"Voorne aan Zee"
1705011,NA,"Barendrecht"
1705023,NA,"Barendrecht"
1705025,NA,"Goeree-Overflakkee"
1705027,NA,"Goeree-Overflakkee"
1705034,NA,"Vlaardingen"
1705036,NA,"Albrandswaard"
1705037,NA,"Nissewaard"
1705040,NA,"Vlaardingen"
1705045,NA,"Maassluis"
1705055,NA,"Maassluis"
1705057,NA,"Vlaardingen"
1705063,NA,"Goeree-Overflakkee"
1705064,NA,"Nissewaard"
1705070,NA,"Ridderkerk"
1705092,NA,"Voorne aan Zee"
1705094,NA,"Vlaardingen"
1705103,NA,"Vlaardingen"
1705108,NA,"Voorne aan Zee"
1705114,NA,"Schiedam"
1705116,NA,"Nissewaard"
1705117,NA,"Schiedam"
1705125,NA,"Krimpen aan den IJssel"
1705129,NA,"Albrandswaard"
1705135,NA,"Vlaardingen"
1705144,NA,"Nissewaard"
1705170,NA,"Voorne aan Zee"
1705181,NA,"Nissewaard"
1705183,NA,"Voorne aan Zee"
1705184,NA,"Capelle aan den IJssel"
1705202,NA,"Lansingerland"
1705228,NA,"Voorne aan Zee"
1705234,NA,"Schiedam"
1705237,NA,"Voorne aan Zee"
1705251,NA,"Maassluis"
1705261,NA,"Barendrecht"
1705269,NA,"Schiedam"
1705273,NA,"Goeree-Overflakkee"
1705290,NA,"Lansingerland"
1705293,NA,"Goeree-Overflakkee"
1705294,NA,"Voorne aan Zee"
1705299,NA,"Goeree-Overflakkee"
1705306,NA,"Vlaardingen"
1705314,NA,"Voorne aan Zee"
1705320,NA,"Voorne aan Zee"
1705324,NA,"Nissewaard"
1705348,NA,"Vlaardingen"
1705349,NA,"Schiedam"
1705360,NA,"Voorne aan Zee"
1705365,NA,"Ridderkerk"
1705381,NA,"Vlaardingen"
1705387,NA,"Nissewaard"
1705388,NA,"Lansingerland"
1705390,NA,"Goeree-Overflakkee"
1705393,NA,"Voorne aan Zee"
1705404,NA,"Maassluis"
1705412,NA,"Vlaardingen"
1705442,NA,"Vlaardingen"
1705445,NA,"Schiedam"
1705455,NA,"Vlaardingen"
1705473,NA,"Voorne aan Zee"
1705481,NA,"Nissewaard"
1705495,NA,"Vlaardingen"
1705502,NA,"Goeree-Overflakkee"
1705514,NA,"Vlaardingen"
1705525,NA,"Vlaardingen"
1705530,NA,"Schiedam"
1705532,NA,"Voorne aan Zee"
1705535,NA,"Albrandswaard"
1705537,NA,"Goeree-Overflakkee"
1705561,NA,"Maassluis"
1705571,NA,"Goeree-Overflakkee"
1705591,NA,"Schiedam"
1705592,NA,"Lansingerland"
1705594,NA,"Vlaardingen"
1705596,NA,"Vlaardingen"
1705626,NA,"Voorne aan Zee"
1705631,NA,"Goeree-Overflakkee"
1705636,NA,"Schiedam"
1705639,NA,"Goeree-Overflakkee"
1705669,NA,"Schiedam"
1705686,NA,"Barendrecht"
1705696,NA,"Albrandswaard"
1705700,NA,"Nissewaard"
1705701,NA,"Goeree-Overflakkee"
1705703,NA,"Goeree-Overflakkee"
1705712,NA,"Voorne aan Zee"
1705715,NA,"Schiedam"
1705717,NA,"Vlaardingen"
1705735,NA,"Barendrecht"
1705744,NA,"Voorne aan Zee"
1705748,NA,"Voorne aan Zee"
1705757,NA,"Voorne aan Zee"
1705768,NA,"Capelle aan den IJssel"
1705786,NA,"Vlaardingen"
1705790,NA,"Vlaardingen"
1705791,NA,"Goeree-Overflakkee"
1705797,NA,"Voorne aan Zee"
1705799,NA,"Vlaardingen"
1705807,NA,"Barendrecht"
1705808,NA,"Voorne aan Zee"
1705818,NA,"Nissewaard"
1705822,NA,"Vlaardingen"
1705824,NA,"Schiedam"
1705826,NA,"Vlaardingen"
1705827,NA,"Krimpen aan den IJssel"
1705841,NA,"Barendrecht"
1705842,NA,"Schiedam"
1705847,NA,"Goeree-Overflakkee"
1705848,NA,"Albrandswaard"
1705854,NA,"Krimpen aan den IJssel"
1705855,NA,"Nissewaard"
1705856,NA,"Goeree-Overflakkee"
1705864,NA,"Vlaardingen"
1705884,NA,"Voorne aan Zee"
1705889,NA,"Albrandswaard"
1705897,NA,"Lansingerland"
1705901,NA,"Schiedam"
1705914,NA,"Goeree-Overflakkee"
1705915,NA,"Goeree-Overflakkee"
1705927,NA,"Barendrecht"
1705931,NA,"Schiedam"
1705940,NA,"Ridderkerk"
1705944,NA,"Nissewaard"
1705953,NA,"Lansingerland"
1705957,NA,"Nissewaard"
1705962,NA,"Nissewaard"
1705978,NA,"Voorne aan Zee"
1705994,NA,"Lansingerland"
1706006,NA,"Voorne aan Zee"
1706012,NA,"Barendrecht"
1706013,NA,"Maassluis"
1706021,NA,"Schiedam"
1706027,NA,"Krimpen aan den IJssel"
1706032,NA,"Ridderkerk"
1706033,NA,"Vlaardingen"
1706051,NA,"Voorne aan Zee"
1706062,NA,"Ridderkerk"
1706069,NA,"Nissewaard"
1706084,NA,"Goeree-Overflakkee"
1706102,NA,"Voorne aan Zee"
1706103,NA,"Maassluis"
1706106,NA,"Vlaardingen"
1706123,NA,"Nissewaard"
1706140,NA,"Ridderkerk"
1706146,NA,"Capelle aan den IJssel"
1706174,NA,"Vlaardingen"
1706182,NA,"Voorne aan Zee"
1706192,NA,"Voorne aan Zee"
1706203,NA,"Maassluis"
1706219,NA,"Goeree-Overflakkee"
1706222,NA,"Capelle aan den IJssel"
1706243,NA,"Krimpen aan den IJssel"
1706256,NA,"Vlaardingen"
1706265,NA,"Nissewaard"
1706279,NA,"Goeree-Overflakkee"
1706284,NA,"Vlaardingen"
1706286,NA,"Schiedam"
1706293,NA,"Barendrecht"
1706312,NA,"Krimpen aan den IJssel"
1706316,NA,"Capelle aan den IJssel"
1706333,NA,"Goeree-Overflakkee"
1706358,NA,"Goeree-Overflakkee"
1706361,NA,"Goeree-Overflakkee"
1706380,NA,"Vlaardingen"
1706396,NA,"Voorne aan Zee"
1706406,NA,"Voorne aan Zee"
1706407,NA,"Voorne aan Zee"
1706408,NA,"Vlaardingen"
1706429,NA,"Maassluis"
1706430,NA,"Nissewaard"
1706433,NA,"Lansingerland"
1706452,NA,"Voorne aan Zee"
1706453,NA,"Voorne aan Zee"
1706468,NA,"Capelle aan den IJssel"
1706470,NA,"Voorne aan Zee"
1706491,NA,"Voorne aan Zee"
1706496,NA,"Vlaardingen"
1706500,NA,"Krimpen aan den IJssel"
1706510,NA,"Krimpen aan den IJssel"
1706519,NA,"Albrandswaard"
1706520,NA,"Ridderkerk"
1706534,NA,"Schiedam"
1706560,NA,"Nissewaard"
1706572,NA,"Voorne aan Zee"
1706577,NA,"Goeree-Overflakkee"
1706579,NA,"Goeree-Overflakkee"
1706588,NA,"Barendrecht"
1706596,NA,"Voorne aan Zee"
1706599,NA,"Voorne aan Zee"
1706606,NA,"Capelle aan den IJssel"
1706611,NA,"Voorne aan Zee"
1706613,NA,"Nissewaard"
1706625,NA,"Goeree-Overflakkee"
1706628,NA,"Ridderkerk"
1706636,NA,"Vlaardingen"
1706638,NA,"Goeree-Overflakkee"
1706649,NA,"Voorne aan Zee"
1706657,NA,"Barendrecht"
1706672,NA,"Vlaardingen"
1706675,NA,"Schiedam"
1706676,NA,"Vlaardingen"
1706677,NA,"Nissewaard"
1706684,NA,"Goeree-Overflakkee"
1706686,NA,"Goeree-Overflakkee"
1706688,NA,"Voorne aan Zee"
1706697,NA,"Krimpen aan den IJssel"
1706713,NA,"Barendrecht"
1706733,NA,"Schiedam"
1706741,NA,"Goeree-Overflakkee"
1706745,NA,"Voorne aan Zee"
1706766,NA,"Voorne aan Zee"
1706767,NA,"Goeree-Overflakkee"
1706769,NA,"Nissewaard"
1706781,NA,"Voorne aan Zee"
1706797,NA,"Voorne aan Zee"
1706806,NA,"Lansingerland"
1706812,NA,"Nissewaard"
1706818,NA,"Voorne aan Zee"
1706824,NA,"Ridderkerk"
1706832,NA,"Voorne aan Zee"
1706835,NA,"Voorne aan Zee"
1706837,NA,"Lansingerland"
1706839,NA,"Voorne aan Zee"
1706847,NA,"Vlaardingen"
1706860,NA,"Nissewaard"
1706863,NA,"Maassluis"
1706867,NA,"Nissewaard"
1706873,NA,"Nissewaard"
1706881,NA,"Lansingerland"
1706883,NA,"Lansingerland"
1706884,NA,"Lansingerland"
1706887,NA,"Goeree-Overflakkee"
1706888,NA,"Voorne aan Zee"
1706889,NA,"Goeree-Overflakkee"
1706893,NA,"Ridderkerk"
1706898,NA,"Barendrecht"
1706934,NA,"Vlaardingen"
1706940,NA,"Maassluis"
1706944,NA,"Voorne aan Zee"
1706954,NA,"Barendrecht"
1706960,NA,"Krimpen aan den IJssel"
1706961,NA,"Lansingerland"
1706981,NA,"Voorne aan Zee"
1706985,NA,"Voorne aan Zee"
1706990,NA,"Voorne aan Zee"
1706996,NA,"Vlaardingen"
1706998,NA,"Goeree-Overflakkee"
1707005,NA,"Nissewaard"
1707015,NA,"Voorne aan Zee"
1707018,NA,"Krimpen aan den IJssel"
1707031,NA,"Voorne aan Zee"
1707038,NA,"Voorne aan Zee"
1707077,NA,"Ridderkerk"
1707100,NA,"Voorne aan Zee"
1707111,NA,"Ridderkerk"
1707123,NA,"Goeree-Overflakkee"
1707139,NA,"Ridderkerk"
1707151,NA,"Vlaardingen"
1707156,NA,"Goeree-Overflakkee"
1707178,NA,"Voorne aan Zee"
1707180,NA,"Schiedam"
1707183,NA,"Krimpen aan den IJssel"
1707184,NA,"Vlaardingen"
1707193,NA,"Voorne aan Zee"
1707226,NA,"Voorne aan Zee"
1707232,NA,"Lansingerland"
1707236,NA,"Goeree-Overflakkee"
1707242,NA,"Ridderkerk"
1707244,NA,"Voorne aan Zee"
1707257,NA,"Voorne aan Zee"
1707267,NA,"Voorne aan Zee"
1707279,NA,"Goeree-Overflakkee"
1707300,NA,"Capelle aan den IJssel"
1707318,NA,"Capelle aan den IJssel"
1707343,NA,"Nissewaard"
1707354,NA,"Goeree-Overflakkee"
1707363,NA,"Voorne aan Zee"
1707368,NA,"Nissewaard"
1707376,NA,"Vlaardingen"
1707380,NA,"Voorne aan Zee"
1707384,NA,"Vlaardingen"
1707404,NA,"Ridderkerk"
1707409,NA,"Nissewaard"
1707414,NA,"Voorne aan Zee"
1707432,NA,"Nissewaard"
1707435,NA,"Krimpen aan den IJssel"
1707445,NA,"Goeree-Overflakkee"
1707448,NA,"Voorne aan Zee"
1707459,NA,"Goeree-Overflakkee"
1707460,NA,"Voorne aan Zee"
1707479,NA,"Vlaardingen"
1707485,NA,"Voorne aan Zee"
1707486,NA,"Vlaardingen"
1707494,NA,"Voorne aan Zee"
1707495,NA,"Albrandswaard"
1707499,NA,"Vlaardingen"
1707508,NA,"Goeree-Overflakkee"
1707509,NA,"Voorne aan Zee"
1707513,NA,"Vlaardingen"
1707538,NA,"Schiedam"
1707542,NA,"Nissewaard"
1707547,NA,"Goeree-Overflakkee"
1707551,NA,"Voorne aan Zee"
1707568,NA,"Krimpen aan den IJssel"
1707588,NA,"Voorne aan Zee"
1707596,NA,"Voorne aan Zee"
1707603,NA,"Schiedam"
1707605,NA,"Schiedam"
1707608,NA,"Vlaardingen"
1707625,NA,"Goeree-Overflakkee"
1707636,NA,"Voorne aan Zee"
1707638,NA,"Vlaardingen"
1707646,NA,"Nissewaard"
1707647,NA,"Lansingerland"
1707649,NA,"Lansingerland"
1707651,NA,"Goeree-Overflakkee"
1707661,NA,"Vlaardingen"
1707664,NA,"Vlaardingen"
1707668,NA,"Voorne aan Zee"
1707671,NA,"Voorne aan Zee"
1707686,NA,"Maassluis"
1707693,NA,"Nissewaard"
1707710,NA,"Vlaardingen"
1707711,NA,"Voorne aan Zee"
1707718,NA,"Vlaardingen"
1707730,NA,"Krimpen aan den IJssel"
1707731,NA,"Vlaardingen"
1707739,NA,"Voorne aan Zee"
1707758,NA,"Vlaardingen"
1707761,NA,"Nissewaard"
1707789,NA,"Goeree-Overflakkee"
1707792,NA,"Lansingerland"
1707810,NA,"Ridderkerk"
1707842,NA,"Nissewaard"
1707849,NA,"Barendrecht"
1707862,NA,"Krimpen aan den IJssel"
1707863,NA,"Albrandswaard"
1707866,NA,"Albrandswaard"
1707867,NA,"Vlaardingen"
1707885,NA,"Krimpen aan den IJssel"
1707887,NA,"Ridderkerk"
1707906,NA,"Vlaardingen"
1707915,NA,"Lansingerland"
1707917,NA,"Ridderkerk"
1707930,NA,"Nissewaard"
1707937,NA,"Capelle aan den IJssel"
1707946,NA,"Barendrecht"
1707947,NA,"Voorne aan Zee"
1707957,NA,"Voorne aan Zee"
1707958,NA,"Goeree-Overflakkee"
1707959,NA,"Voorne aan Zee"
1707985,NA,"Albrandswaard"
1707992,NA,"Voorne aan Zee"
1708003,NA,"Voorne aan Zee"
1708014,NA,"Voorne aan Zee"
1708016,NA,"Schiedam"
1708027,NA,"Goeree-Overflakkee"
1708044,NA,"Voorne aan Zee"
1708046,NA,"Barendrecht"
1708051,NA,"Voorne aan Zee"
1708062,NA,"Vlaardingen"
1708067,NA,"Goeree-Overflakkee"
1708076,NA,"Vlaardingen"
1708080,NA,"Barendrecht"
1708081,NA,"Goeree-Overflakkee"
1708097,NA,"Vlaardingen"
1708112,NA,"Barendrecht"
1708115,NA,"Goeree-Overflakkee"
1708128,NA,"Voorne aan Zee"
1708134,NA,"Voorne aan Zee"
1708137,NA,"Vlaardingen"
1708139,NA,"Voorne aan Zee"
1708146,NA,"Capelle aan den IJssel"
1708151,NA,"Goeree-Overflakkee"
1708157,NA,"Lansingerland"
1708163,NA,"Goeree-Overflakkee"
1708170,NA,"Goeree-Overflakkee"
1708182,NA,"Goeree-Overflakkee"
1708192,NA,"Krimpen aan den IJssel"
1708199,NA,"Capelle aan den IJssel"
1708207,NA,"Vlaardingen"
1708208,NA,"Goeree-Overflakkee"
1708218,NA,"Voorne aan Zee"
1708222,NA,"Voorne aan Zee"
1708223,NA,"Maassluis"
1708228,NA,"Nissewaard"
1708238,NA,"Lansingerland"
1708252,NA,"Krimpen aan den IJssel"
1708260,NA,"Vlaardingen"
1708262,NA,"Ridderkerk"
1708278,NA,"Voorne aan Zee"
1708299,NA,"Voorne aan Zee"
1708316,NA,"Nissewaard"
1708319,NA,"Krimpen aan den IJssel"
1708328,NA,"Vlaardingen"
1708337,NA,"Krimpen aan den IJssel"
1708343,NA,"Vlaardingen"
1708351,NA,"Voorne aan Zee"
1708365,NA,"Krimpen aan den IJssel"
1708368,NA,"Voorne aan Zee"
1708376,NA,"Lansingerland"
1708384,NA,"Vlaardingen"
1708408,NA,"Schiedam"
1708413,NA,"Capelle aan den IJssel"
1708418,NA,"Ridderkerk"
1708419,NA,"Barendrecht"
1708432,NA,"Albrandswaard"
1708435,NA,"Vlaardingen"
1708438,NA,"Schiedam"
1708448,NA,"Krimpen aan den IJssel"
1708486,NA,"Lansingerland"
1700038,NA,"Nissewaard"
1700375,NA,"Schiedam"
1701312,NA,"Vlaardingen"
1701330,NA,"Voorne aan Zee"
1701525,NA,"Goeree-Overflakkee"
1701622,NA,"Maassluis"
1701769,NA,"Vlaardingen"
1702021,NA,"Nissewaard"
1702884,NA,"Schiedam"
1703364,NA,"Albrandswaard"
1704115,NA,"Goeree-Overflakkee"
1704532,NA,"Nissewaard"
1704620,NA,"Vlaardingen"
1704621,NA,"Voorne aan Zee"
1705241,NA,"Nissewaard"
1705289,NA,"Nissewaard"
1706000,NA,"Voorne aan Zee"
1706390,NA,"Lansingerland"
1707006,NA,"Voorne aan Zee"
1707269,NA,"Voorne aan Zee"
1708349,NA,"Voorne aan Zee"
1700244,NA,"Voorne aan Zee"
1700363,NA,"Vlaardingen"
1700540,NA,"Ridderkerk"
1701882,NA,"Voorne aan Zee"
1702408,NA,"Goeree-Overflakkee"
1702982,NA,"Nissewaard"
1702986,NA,"Voorne aan Zee"
1703597,NA,"Goeree-Overflakkee"
1704000,NA,"Krimpen aan den IJssel"
1704046,NA,"Barendrecht"
1704350,NA,"Ridderkerk"
1704380,NA,"Voorne aan Zee"
1705077,NA,"Krimpen aan den IJssel"
1705316,NA,"Maassluis"
1705737,NA,"Voorne aan Zee"
1705828,NA,"Nissewaard"
1705876,NA,"Schiedam"
1706117,NA,"Goeree-Overflakkee"
1706464,NA,"Voorne aan Zee"
1706508,NA,"Voorne aan Zee"
1706620,NA,"Schiedam"
1706865,NA,"Goeree-Overflakkee"
1707091,NA,"Schiedam"
1707778,NA,"Ridderkerk"
