influencer;tiktok_account;youtube_account
Jade Anna;jadeanna;jadeanna
Feyenoord;feyenoord;Feyenoord
MrBeast;mrbeast;MrBeast
Enzo Knol;enzoknol;EnzoKnol
Duncan Tromp;duncantromp;NA
Bankzitters;bankzitters;Bankzitters
Rhod√©;rhodekok;NA
ESPN;espn;espn
Real Madrid C.F.;realmadrid;NA
Taylor Swift;taylorswift;TaylorSwift
Kylie Jenner;kyliejenner;NA
Fortnite ;fortnite;fortnite
Qucee;qucee;Qucee3205
Champions League;championsleague;NA
IShowSpeed;ishowspeed;IShowSpeed
Gio Latooy;gio;GameplayWorldXL
MARIJN KUIPERS;marijnkuipers;marijnkuipers
BILLIE EILISH;billieeilish;BillieEilish
Stijn Saman;stijnsaman;NA
Appelkaas;appelkaas;NA
Apson;apsonarmy;NA
Mia K.;miakhalifa;NA
Myron Koops;myronkoops;NA
Sam and Colby;samandcolby;samandcolby
Red Bull Racing;redbullracing;NA
Galatasaray;galatasaray;Galatasaray
cestmocro;cestmocro;NA
CentralCee;centralcee;NA
Dumpert;dumpert;NA
Glen Fontijn;glenfontijn;NA
Monica Geuze;monicageuze;NA
StukTV;stuktv;StukTV
Zaargoedemans üçì;zarajanice;NA
Fabrizio Romano;fabrizioromano;NA
Be Curly By Laura üçã;becurlybylaura;NA
Call of Duty;callofduty;NA
Clix;clix;Clix
Dilara Selin;dilaraselin;NA
Fernando Alonso;fernandoalonso;NA
indyisabella;indyisabella;NA
Matt;mattsturniolo;NA
NOS Stories;nosstories;NA
OnsOranje;onsoranje;NA
psv;psv;NA
Quinty Mirjam;quintymirjam;NA
v_taetae;straykidsjapan;NA
Sam Golbach;samgolbach;NA
AFC Ajax;afcajax;AFCAjax
Boef;boef;gewoonboef5857
Charles Leclerc;charlesleclerc;NA
Efteling;efteling;efteling
Fiene;fienecastillo;NA
goudmijn;goudmijn;NA
Katie Fang;katiefanggg;NA
isae;isaevanyoutube;NA
touzanitv;touzanitv;TouzaniTV
Khabane lame;khaby.lame;NA
MDemma;mdemma.xo;NA
Stray Kids;jypestraykids;StrayKids
BTS;bts_official_bighit;BTS
fatoemakerss;fatoemakerss;NA
433 NL;433nl;NA
Dylan Page;dylan.page;NA
Kai Cenat;kai_cenat;KaiCenatLive
sam_sulek;sam_sulek;
ice spice;icespicee;NA
BenderBij;officialbenderbij;benderbijofficial
Brooke Monk;brookemonk_;NA
Formula 1;f1;NA
katie sigmond;katie_sigmond;NA
Kenza;kenzje;NA
RapNieuwsTV;rapnieuwstv__;NA
Sannemyrthe;sannemyrtheofficial;NA
Sihamsanad;sihamsanad_;NA
Chief;chiieffff;NA
Addison;addisonre;NA
blackpinkofficial;bp_tiktok;NA
Bram Krikke;bramkriktok;NA
Thedancertwins;iamcadib;NA
Djes üíé;djes.yt;NA
Don de Jong;tiktokkiedon;NLxDon
Fashiontiger;fashiontiger.nl;NA
FIFA;fifaworldcup;NA
Juultje;juultjetielemanofficial;NA
Lies Zhara;lies_zhara;NA
meet me there;meetmethere.nl;NA
Selma;sel.elh;NA
Mashi;02mashi;NA
Milo;milodetiktokker;NA
Kim Kardashian;kimkardashian;NA
Rijk Hofman;rijkhofman;RijkHofman
NBA;NBA;NA
433;433;NA
charli d‚Äôamelio;charlidamelio;NA
MONSTER tube;monstertube_;monstertube_
royalistiq;royalistiq;Royalistiq
Chatmo;chatmo;Chatmo
Santan;santandave;NA
Koen;hutskoen;NA
laufey;laufey;NA
Maxime & Sophie;maximeandsophie;NA
MRLUST TWITCH IN BIO;mrlustfn;NA
NOS;nos;jeugdjournaal
Pieter Valley;pietervalley;
Red Bull;redbull;NA
Selma Omari;selmaomari;NA
Sparta Rotterdam;spartarotterdam;NA
Stefan de Vries;stefandevries;StefandeVries95
supergaande;supergaande;SUPERGAANDETV
Thierry Baudet;thierry_baudet;NA
TOMORROW X TOGETHER;txt.bighitent;NA
Colby Brock;colbybrock;NA
timonverbeeck;timonverbeeck;NA
MinuutVoorAllah;minuutvoorallah;NA
ahki ayman;ahki.ayman;NA
arianagrande;arianagrande;NA
Beta Squad;betasquad;BetaSquad
Breckie Hill;breckiehill;NA
Britt Dekker;paardenpraat_brittdekker;NA
Eduardo Camavinga;camavinga;NA
CreaChick;creachickofficial;creachickofficial
Divaio;divaioyt;Divaioyt
enhypen;enhypen;NA
VriendenLoterij Eredivisie;eredivisie;NA
Eric Da Silva;ericdasilva_;NA
ESPN MMA;espnmma;NA
Farthunder;farthunder2;NA
FINNEAS;finneas;NA
ginasingels;ginasingels;NA
GUUSJEüíú;guusje.willemse;NA
hoop.angel;hoop.angel;NA
Jesseantonioo;jesseantonioo;NA
Kae Sutherland;kaesutherland;NA
Kris HC;kallmekris;kallmekris
Ye;ye;NA
Kelly Mexy;kellymexy;NA
Kristy Snepvangersüß°;realkristysnepvangers;NA
Lando Norris;landonorris;NA
Liverpool FC;liverpoolfc;NA
Manchester City;mancity;NA
Mongraal;mongraalreal;mongraal
mustyüêÆ;amustycow;NA
Niall Horan;niallhoran;NA
Nicki Minaj;nickiminaj;NA
Nolan Hansen;nolanhansen_;NA
Paraduze;paraduze;Paraduze
HEMA;hemanederland;NA
NHL;nhl;NA
Kleine John ü™ê;kleinejohn;KleineJohn
McLaren;mclaren;NA
UFC;ufc;NA
Aimane Charbon;charbonnn;NA
Famkehanna;famkehannabouman;NA
Iliasvietto17;iliasvietto17;NA
mnijungkook;jungkook;NA
Nike;nike;NA
NBA;nba;NA
KSI;NA;KSI
FaZe Rug;NA;rug
Ali-A;NA;AliA
BOOS;NA;BOOS
TGG;NA;TGG_
Ties;NA;TIES
Celine & Michiel;NA;CEMI
AC/DC;NA;acdc
ACID 2;NA;ACID2
Fiago;NA;Fiago
GIEL;NA;Giel1
Grian;NA;Grian
HARM;NA;HARM1
Hanwe;NA;Hanwe
J Perm;NA;JPerm
Jelly;NA;Jelly
Koen;NA;Koen1
Ninja;NA;Ninja
SB737;NA;SB737
Tubbo;NA;Tubbo
Vogue;NA;Vogue
Ziggo;NA;Ziggo
Dream;NA;dream
BAM;NA;BAMsPG
DanTDM;NA;DanTDM
ESPN NL;NA;ESPNnl
JiDion;NA;JiDion
OnneDi;NA;OnneDi
Plodno;NA;Plodno
Ranboo;NA;Ranboo
SMii7Y;NA;SMii7Y
Tuonto;NA;Tuonto
Bokado;NA;bokado
ISAE;NA;isaenl
Rutger, Thomas & Paco;NA;rutger
101Barz;NA;101Barz
AuzioMF;NA;AuzioMF
CboysTV;NA;CboysTV
Djuncan;NA;Djuncan
Furtjuh;NA;Furtjuh
Kriekel;NA;Kriekel
Makkers;NA;Makkers
SSundee;NA;SSundee
Sidemen;NA;Sidemen
Whopcap;NA;Whopcap
Airrack;NA;airrack
Kalvijn;NA;kalvijn
NPO Zapp;NA;npozapp
8-BitRyan;NA;8BitRyan
anass;NA;AnassATM
Dhar Mann Studios;NA;DharMann
Fe4RLess;NA;Fe4RLess
Flamingo;NA;Flamingo
FORMULA 1;NA;Formula1
FrankVD;NA;FrankVD_
JUSTKASS;NA;JUSTKASS
Jerma985;NA;Jerma985
Kitta DIY;NA;KittaDIY
Parrot;NA;ParrotX2
FC Roelie;NA;RoelieFC
S√∂z Dizi;NA;S√∂zDizi
Twisty;NA;TwistyRL
berleezy;NA;berleezy
ChainsFR;NA;chainsfr
Daz Games;NA;dazgames
Rema;NA;heisrema
MrSavage;NA;mrsavage
WTO Squad;NA;wtosquad
BLACKPINK;NA;BLACKPINK
Blooprint;NA;Blooprint
UR ¬∑ Cristiano;NA;Cristiano
DaFuq!?Boom!;NA;DaFuqBoom
EnzoKnol2;NA;Enzoknol2
LazarBeam;NA;LazarBeam
Mark Rober;NA;MarkRober
PewDiePie;NA;Pewdiepie
Socksfor1;NA;Socksfor1
Tim Tygran;NA;TimTygran
Walnut;NA;WalnutMax
Dance Moms;NA;dancemoms
deb smikle;NA;debsmikle
HopeScope;NA;hopescope
jmancurly;NA;jmancurly
Milan Knol;NA;milanknol
Sam Sulek;NA;sam_sulek
Sven&Koen;NA;sven-koen
Alex Klein;NA;AlexKlein1
Dutchtuber;NA;Dutchtuber
GameMeneer;NA;GameMeneer
The Game Theorists;NA;GameTheory
Glowmovies;NA;Glowmovies
Hooligirls;NA;Hooligirls
JordyStorm;NA;JordyStorm
Lana Del Rey;NA;LanaDelRey
LinkTijger;NA;LinkTijger
TommyInnit;NA;TommyInnit
Ziggo Sport;NA;ZiggoSport
aCookieGod;NA;aCookieGod
BrugklasTV;NA;brugklasTV
courtreezy;NA;courtreezy
Games4Real;NA;games4real
Laatkomers;NA;laatkomers
Markiplier;NA;markiplier
The Boys;NA;yeptheboys
AW Fireworks;NA;AWFireworks
Danny Aarons;NA;DannyAarons
DashieGames;NA;DashieGames
Slotta;NA;FrankSlotta
NicoleLeano;NA;NicoleLeano
Outdoor Boys;NA;OutdoorBoys
Raoul;NA;RaoulJoshua
Dang Do ;NA;SuperDangDo
Clonny Games;NA;clonnygames
daiz;NA;daisychoiii
Dude Perfect;NA;dudeperfect
Jarno Opmeer;NA;jarnoopmeer
Joel Beukers;NA;joelbeukers
AMP;NA;AMPEXCLUSIVE
AltijdMelvin;NA;AltijdMelvin
CoryxKenshin;NA;CoryxKenshin
DE BELLiNGA'S OP WERELDREiS üåè;NA;DE_BELLiNGAS
Daniel Weyers;NA;DanielWeyers
Dylanhaegens;NA;Dylanhaegens
FAMILIE LAKAP;NA;FAMILIELAKAP
FunnyMike;NA;FunnyMike225
FusionZGamer;NA;FusionZGamer
[FOG];NA;GETBACK11FOG
Gewoon Thomas;NA;GewoonThomas
Julia Heetman;NA;JuliaHeetman
Koen Weijland;NA;KoenWeijland
MSA previously My Story Animated;NA;MSA.official
BENOFTHEWEEK;NA;benoftheweek
Jordan Matter;NA;jordanmatter
Chatmo Gaming;NA;Chatmo_Gaming
Jeremy Frieser;NA;JeremyFrieser
KWO;NA;KWO-Community
Yarasky;NA;YaraskyGaming
jacksepticeye;NA;jacksepticeye
Kubz Scouts;NA;thekubzscouts
Dallin and Bella ;NA;Dallinandbella
Danny Gonzalez;NA;Danny-Gonzalez
GrayStillPlays;NA;GrayStillPlays
KingAlmightyyy;NA;KingAlmightyyy
FNG;NA;TheOfficialFNG
Junior Songfestival;NA;jrsongfestival
CelinaSpookyBoo;NA;CelinaSpookyBoo
LUBACH;NA;Lubach_official
Matthy;NA;MatthyAbonneerFF
GoodTimesWithScar;NA;GoodTimesWithScar
Kristy Snepvangers;NA;Kristysnepvangers
NEW VINTAGE COLLEGE;NA;NEWVINTAGECOLLEGE
Saturday Night Live;NA;SaturdayNightLive
Sturniolo Triplets;NA;SturnioloTriplets
Alex Poatan Pereira;NA;Poatan.AlexPereira
Daily Dose Of Internet;NA;DailyDoseOfInternet
Socksfor3;NA;socksfor3