username,channel_id
yarasky,UCOj5e5vveMzgwv2hHOFODLA
bankzitters,UC5AY6UD-fcoctUkIz0IQkGg
gio,UCQDSVOGHGmybcS-mYCg_rfA
qucee,UCdiHaV0kMvjAVPxZN96pSEQ
stuktv,UCK5Fn7Z6-iFMdxEye2FsKXg
jadeanna,UCF5gjrsLkNqI5dbFVpokkNw
stefandevries,UCzlQUJod3-EGqVZ5Msu2a3w
betasquad,UC_8JxHQrJHC4rUsBtoPY4wQ
don,UC6UTBWQJOvtGIjdBcC7WwPw
touzani,UCto2NI994eyiEgP2eB3Jwdg
monstertube,UCw_HtXdr-jr7A0GuAEEOo9A
chatmo,UC8gksu87NaSOe6_SMRQeewg
samandcolby,UC6GBQeLZbK1qn3mpDPKjZKw
isae,UCa1Hy6QFbZLAHt97ABM3GVg
amp,UCJ-rK_vd0Pw3J8kOjfW_m8g
msa,UC3BzPjKXYqTeTDAkzieE4DQ
familielakap,UC4KFNIQwDEUPu8VWe-3qEtg
sturniolotriplets,UCufNiOm4agzDlWvwJoWPw2Q
kaicenat,UCoEmptob-eEGKk18c2VplJg
harm,UC1DiQDNzgMnKuib_66PeBHw
ziggosport,UCv4re-peeCgLz3m1OJcZirA
jordystorm,UCU4qU6QsF5mIxi8XUpWwi9w
kriekel,UC1OhWZCBKrxR-Kxe72gmdHQ
outdoorboys,UCfpCQ89W9wjkHc8J_6eTbBg
barz,UC0fXtHnZH6Gtl5AEmEGyBTA
enzo,UCAvSf9id_1Lz-NI11yYK46A
giolatooy,UCzK9UevsDrNpuPON_H1EepA
matthy,UC855lGKTrQOUCuWxiv--OxA
airrack,UCXs5DC01ygqXPMIx2uvNmCg
pewdiepie,UCQ4zIVlfhsmvds7WuKeL2Bw
smiiy,UChK0KzE7fazKdo4IfLBk9RQ
twisty,UCwxrrK3jwoRRlSq6IXZt-RQ
markrober,UC513PdAP2-jWkJunTh5kXRw
chainsfr,UCOuwU6aYcIgpKDdbekbUS2Q
ferless,UCeayhLx4Tjsu1qbnBqPRxww
frankvd,UCJ0JDgznXcUTJ4B2ODB06nw
grian,UCDiznUV6dtdB9PQj__XVhnA
idk,UCyzWvqEm4w0HTS6OGemsZCA
ronald,UCgAGcxTYBl-RupWhrQeuQaQ
supergaande,UCfqnx4kPKA4kaaUDODirUwg
walnut,UCvC_IHrUnMN2p2HO0PTVVGg
ziggo,UCueOZEvMffxjJyVO1fGiJNQ
bender,UChQMP14Cww-GdfpWDFGFkww
brugklas,UCzTxhXx41-CugLrsRLPK4Bg
dailydoseofinternet,UCmdmZp1K_kjXYBKgyqg_5LA
dantdm,UCa94pyq0HNK8qAFUBJiVAeA
dutchtuber,UCkhBnxfBU4r47c6CtDNWIfg
ninja,UCAW-NpUFkMyCNrvRSSGIvDQ
altijdmelvin,UCKtQlH0Y9h_MEqJ4fSVpUpw
awfireworks,UC7FdyQCMeFInCWHE5cmoyqg
cemi,UC1a2ZCw7tugRZYRMnecNj3A
danielweyers,UCh8bTHe4T8o7RIU7R5EPX-w
dannyaarons,UC-8KVa-TUe6LtfPFICAXyFA
dudeperfect,UC6Z5X_C2dLCBnaQENCPyHuA
dylanhaegens,UC6Z5X_C2dLCBnaQENCPyHuA
fazerug,UCilwZiBBfI9X6yiZRzWty8Q
fortnite,UCwJ3jufubi5oQRu6aY9vFWw
jacksepticeye,UCYzPXprvl5Y-Sf0g4vX-m6g
jordanmatter,UCKaCalz5N5ienIbfPzEbYuA
kallmekris,UCr2kGCyFZ5c4Pu85o07YAIA
lazarbeam,UCZ3AmknSJtbzXCeO5a4peoQ
makkers,UCKbFnk0SnTxEt-aMTbJxQnQ
marijnkuipers,UCpxJ1HzOUpT40OhudPkz_DA
nicolelaeno,UCET3BoQ9qHtqi-HAAzi8_-A
samsulek,UCAuk798iHprjTtwlClkFxMA
svenenkoen,UCj_Fr40qSACeU_CkKoENfKg
taylorswift,UCqECaJ8Gagnn7YCbPEzWH6g
auziomf,UCsfm7AJTb2bf90WYYfllRrw
clix,UCFVJVYsFk1pzYA-JRB9n4Dw
clonnygames,UCPex89Pgo06t4VSArO53y_Q
dafuqboom,UCsSsgPaZ2GSmO6il8Cb5iGA
furtjuh,UCFEI6mmSQgU7QyiTVpWXOLg
jelly,UCty6qXd228RruZUbrU0KU5Q
jidion,UC8pOnl4XYXcKfZ_aWBO0o_A
koenweijland,UC7UbkPHGF34B-coNuTT3AHA
kristysnepvangers,UCne20m2LCXnb-P8gNQGfYrg
milanknol,UCc12WhHYh4-NcWNsb0Sq6Kw
mongraal,UCpWim4NdcGFkG8x8kPROCwA
mrsavage,UC0yv1suUA_o_QfGA09fuWwQ
onnedi,UC4I8WYQtX-h7J5u0xz5tLLA
theboys,UC2CBT8IHw9ZL4RjNevC8h0Q
whopcap,UCabPtTiQNqDXTrhZ6UJGw8g
ranboo,UCKQ-wNdh0kO5qnpPfXa2hjQ
acookiegod,UCnF4-A-RrjLe0M4LBx_CA8A
afcajax,UCGpf7WX7R1one-NwOvg_PbQ
bellingas,UCTqUSA7CV5m1UrcGCOmZgJw
benoftheweek,UCE-xU9c9QKe8fncpd20K1Hg
bts,UCJCAlMsCuld3v96t-9SffdA
celinaspookyboo,UCa5pkw8fsvR4bPzEAkN8S5g
courtreezy,UC40gEDjTetpl0wB5tyYCcug
dancemoms,UCNIFiHaLZkYASaWDdkC1njg
dashiegames,UCOSMYm1yZ7LIHwERXphGAYw
dazgames,UCaFnJUS9uyysDbZn5fAIT3A
divaio,UCeJ3droz9FOrSDb2A8ajIoQ
dream,UChU3JRloULzdFX3aCu7BiSA
formula,UCdmLcPxmyAoqT1M4NCKC5gw
gewoonthomas,UCFEI6mmSQgU7QyiTVpWXOLg
giel,UCWGBN-ZZMWWxpHf0OHfZEsQ
hooligirls,UCdYYKqYYRSyWmqa8CWjB37Q
jperm,UCqTVfT9JQqhA6_Hi_h_h97Q
jeugdjournaal,UC-bbHiTZGWKbsCjpzUfrk6Q
juniorsongfestival,UCsrDMxQ5sJBOxzSW_qReNgw
kalvijn,UCgZFrXpXCPhRxFZeTOvuPjA
linktijger,UCuQBlF1YSyDI20EnqRaF5rA
parrot,UCLnexd-nCDLzjHOX6DfsOBg
plodno,UCgXeHtxhNPwR-xqZL0oPGXA
raoul,UCg0G6cfC6FH4u9yW3y-LUZQ
rutgerenthomas,UCFEI6mmSQgU7QyiTVpWXOLg
sb,UCeOBfeqct7LUHhdHb5bzfzA
slotta,UCj1gY6Dm8VpEz9NKCCecF9Q
socksfor,UCv6RbK5kLN0hXKk8b8q62bA
timtygran,UCUdSZo5iaDyVp4fZAo16VFQ
tuonto,UCbVqRvAc17LRX97UnRIfcTw
vogue,UCRXiA3h1no_PFkb1JCP0yMA
blackpink,UCQi67q4kGdmnJaRzX81uK5g
tubbo,UChWHDyOrfyXJV1jMSwCasSA
bitryan,UC6LSW-L7wOFb7i562dOElBA
alexklein,UCbI5BRxYFqMGw0vQalbf30g
alexpoatanpereira,UC_rsMk-BxTI_8cK9r39zLDA
anass,UCkmFDdS9Lxne8QDDmsHYeZg
andrewtate,UCMt3gZoz1hWRSfU-kyrfUXw
arjenlubach,UCRSkfRM2t01iUdSr1cURHgw
benderbij,UChQMP14Cww-GdfpWDFGFkww
berleezy,UC_qwagcnn_4T25tFzw7lEtQ
billieeilish,UCDGmojLIoWpXok597xYo8cg
blooprint,UC3mG1jxWYgBoJwSaJrke3YQ
boeie,UCjl8PCsw26WO1rG9Yw_V03Q
bokado,UCCXItTpz0OHMULgnjQ8qm2A
cboys,UC_-_qKb8nDZ1tGoeJcFFvbA
cristiano,UCtxD0x6AuNNqdXO9Wp5GHew
daiz,UCezoc3VgoN8yPJENDFElzOw
dannygonzalez,UCSUf5_EPEfl4zlBKZHkZdmw
debsmikle,UC6_k6I_WDQTRatg7emsItYQ
dellavlogs,UCjKnNUbNcj7p_i3_gDyGyPg
dharman,UC_J_2HxLExDed9fITZTUDXQ
djuncan,UCjlA_PsgyhAq2WHude8B8wA
efteling,UCtrY7x4NFR-Tlnzb3uyrjBg
fcroelie,UCg0G6cfC6FH4u9yW3y-LUZQ
flamingo,UCm-X6o81nRsXQTmqpyArkBQ
fog,UCOkPchldqt6HXSGUOui9Juw
funnymike,UCMwYZ-jIEPP8Phn98D_Wa8Q
fusionzgamer,UCUf474R0U82zkRk1R5sJtSQ
galatasaray,UCQpeujIamj2ZOKXZnrxTRhA
gamesreal,UC9SeqSlo6OiBLuHjKqnu8Pg
goodtimeswithscar,UCrmsyulCK0py5o94jcJTsFg
graystillplays,UCzEy7pi3B7TIS9cn_sdKK9A
hopescope,UCnk1idRUmwhdpy_5Il1unfw
jarnoopmeer,UCX1-XNOlfLhxh8WZB1WSmMA
jeremyfrieser,UCYPUsHfDIH3u8Q7oRh_KSuA
jmancurly,UCRaehQPWXnJ72WmE8nvvKKw
joelbeukers,UCHXl7E3nmru-i4aFarwiXCg
juliaheetman,UCF0Q3pFKk0JdacXeGSiqfiQ
justkass,UCMCMjTKUqJ1pUzmHnKrmiCA
kingalmightyyy,UCxVaMZgCE9gB4EfMcityz6A
kittadiy,UCAHfsQon-9lRrwHAEncZz3A
ksi,UCVtFOytbRpEvzLjvqGG5gxQ
lanadelrey,UCqk3CdGN_j8IR9z4uBbVPSg
kleinejohn,UC8igV3DsoVsEARmBDFWJyhw
