"InfluencerStandardized","standardizedCount","influencerList","platform","description"
"mrbeast","269","@Mrbeast, mr  beast, mr beast, mr Beast, Mr beast, Mr Beast, MR BEAST, mr_beast, Mr. Beast, mr.beast, Mr.beast, Mr.Beast, mrbeast, mrBeast, Mrbeast, MrBeast, MRbeast, MRBeast, MRBEAST, Mrbeast., mr beest, Mrbeest, mr best, MR BREST","youtube_account","Go Watch Beast Games! https://unfur.ly/BeastGames
SUBSCRIBE FOR A COOKIE!

Accomplishments:
- Raised $20,000,000 To Plant 20,000,000 Trees
- Removed 30,000,000 pounds of trash from the ocean
- Helped 2,000 people walk again
- Helped 1,000 blind people see
- Helped 1,000 deaf people hear
- Built wells in Africa
- Built and gave away 100 houses
- Adopted every dog in a shelter (twice)
- Given millions to charity
- Started my own snack company Feastables
- Started my own software company Viewstats
- Started Lunchly, a tasty, better-for-you lunch option
- Gave away a private island (twice)
- Gave away 1 million meals
- Gave away a chocolate factory
- I counted to 100k
- Ran a marathon in the world's largest shoes
- Survived 50 hours in Antarctica
- Recreated Squid Game in real life
- Created the largest competition show with 1000 people (Beast Games)
- Gave $5,000,000 to one person
- Passed T-Series to become most subscribed YouTube channel ü•π
you get it, I appreciate all of you so much :)
"
"bankzitters","248","Bank zitters, bankzitters, Bankzitters, Bankzitters., bankzitter, Bankzitter, bankziiter","youtube_account","Welkom! Op dit kanaal uploaden wij (Matthy, Koen, Robbie, Raoul en Milo) elke dinsdag en vrijdag een nieuwe video! 

Deze video's varieren van eetwedstrijden tot muziekvideo's en zijn stuk voor stuk het kijken waard dus wat doe je hier nog? Kijken die handel! 

Bankzitters staat onder toezicht van Commissariaat voor de Media.
"
"enzoknol","189","@enzoknol, enzo knol, Enzo knol, Enzo Knol, ENZO KNOL, Enzo Knol., enzoknol, Enzoknol, EnzoKnol, ENzoknol, ENZOKNOL, enzoknol 2, Enzoknol., enzoknol2, Enzoknolz., enzoknop, enzokol, enzokonol","youtube_account","Mijn naam is Enzo Knol en ik upload elke maandag, woensdag & zaterdag om 16 uur een vlog op mijn YouTube kanaal!

Mijn eigen kledinglijn ‚ûú www.knolpower.nl

Link naar mijn social media accounts ‚ûú https://enzo.knolpower.nl

#Knolpower

Dikke vette peace ‚úå"
"undefined","148","-, ,, ?, ????, ?????????????????, ., .., ..., /, =, 0, 1, 23, 41, 433, 45, 456, 4567, x, f1, F1, Oj, OJ, j, xx, T5G, tg,  nn, AT5, G, H, I.018l, K9, KD3, Kp, S2G, sv2","youtube_account","N/A"
"gio","105","gio, Gio, GIO, Gio., kwo, KWO, Cho, to, wto","youtube_account","Hey, welkom in mijn leven! Elke dag een video om 17:30.

Leuk dat je een kijkje neemt op mijn kanaal. Ik ben Gio, 24 jaar oud en ik upload ELKE dag een video om 17:30.
Dingen die je in deze video's kan verwachten zijn voornamelijk gekkigheid met vrienden en familie en allerlei leuke dingen uit mijn dagelijkse leven. Ik probeer een zo gek mogelijk leven ervan te maken en ik neem jou mee in deze beleving.
Vergeet dus zeker niet om te abonneren. En dan zeg ik nu LA-TER.

 Contact opnemen: gio@talpanetwork.com

Dit kanaal staat onder toezicht van het Commissariaat voor de MediaüëÄ"
"qucee","88","qucee, Qucee, QUCEE, Qcee, gucee, Quecee.","youtube_account","Het kanaal voor al je Qucee content! 

Abonneer, het is gratis!  ‚§µ
http://bit.do/qucee

Andere YouTube kanalen ‚§µ
Qucee Live  ‚Ä¢ http://bit.do/quceeliveabonneren
Qucee Gaming ‚Ä¢ http://bit.do/quceegaming

Social media kanalen ‚§µ
Twitch ‚Ä¢ https://www.twitch.tv/qucee
Instagram ‚Ä¢ https://www.instagram.com/qucee/
Tiktok ‚Ä¢ https://www.tiktok.com/@quceemvp
Tiktok ‚Ä¢ https://www.tiktok.com/@quceegaming

Als je altijd op de hoogte wilt blijven kan je even ABONNEREN! Veel kijkplezier!
"
"stuktv","72","stuk tv, Stuk tv, stuk-tv, stuk. tv, stuk.tv, stuktv, Stuktv, StukTV, STUKTV, Stuktv., StukTV.","youtube_account","Wij maken online programma's waarmee we jouw dagelijkse sleur doorbreken!

Word onderdeel van ons avontuur en ABONNEER voor de tofste series, gestoorde acties, gewaagde stunts, en een portie ongegeneerd schaterlachen. 

Video's:
‚åæ NU bij Videoland: 'Het Jachtseizoen: Most Wanted'
‚åæ Om de WOENSDAG 17:00 uur een OPDRACHT
‚åæ Dagelijks doorbreken we je sleur op onze social kanalen

----
StukTV staat onder toezicht van het Commissariaat voor de Media.
"
"jadeanna","66","@jadeanna, jade anna, Jade anna, Jade Anna, Jade-Anna, jadeanna, Jadeanna, jade aana","youtube_account","Ik sta onder toezicht van het Commissariaat voor de Media

ABONNEER OP MIJN KANAAL: https://www.youtube.com/channel/UCF5gjrsLkNqI5dbFVpokkNw

SOCIAL MEDIA:
Instagram: @jadeanna
Tiktok: @jadeanna
E-mail: jadeanna@ad-venturestudios.com
Vinted: https://www.vinted.nl/member/50294647-jadeannavanvliet

FILMEN:
vlog-camera:  CANON G7X
editing: Final cut pro X

VRAGEN:
-hoe oud ben je? 20 jaar!
-sinds wanneer bestaat mijn kanaal 'Jade Anna'? 22 mei 2016

JADE ANNA:
Hi ik ben Jade en vind het leuk om tegen een camera te praten. Mijn video's zullen vooral bestaan uit vlogs en fashion & beauty gerelateerd. Vind je mijn kanaal leuk? Vergeet dan niet te abonneren! laat een reactie achter onder mijn video's, als je die leuk vind, want ik lees alle reacties en probeer zo vaak mogelijk te reageren. 
xo Jade"
"stefandevries","61","stefan de vries, Stefan de vries, Stefan de Vries, Stefan De Vries, Stefan de Vries., stefandevries, stefan vries","youtube_account","Welkom op mijn 2e kanaal waar ik alles achter mijn computertje doe"
"betasquad","60","beta squad, Beta squad, Beta Squad, BETA SQUAD, Beta squad., Beta Squad., betasquad, Betasquad, beta sqaud, Beta squid","youtube_account","What happens when you put five regular males in one alpha house?

BETA SQUAD, aka. Chunkz, Niko Omilana, Aj Shabeel, Sharky and King Kenny, are about to make the biggest move of their lives, follow them on this mad adventure. 

FOLLOW Beta Squad:
Instagram: https://instagram.com/betasquad
Twitter: https://twitter.com/betasquad5
SnapChat: https://snapchat.com/add/betasquad5

Get in touch - betasquad@uploadagency.com"
"don","60","don, Don, DON, Don., koen, Koen, Koen., Porn","youtube_account","Unknown"
"royalistiq","53","royalistiq, Royalistiq, Royalistiq., royalistic, rayalistiq, royalitiq, royalstiq, royavistiq","youtube_account","Royalistiq | GTA 5 | GTA V | Fortnite Battle Royale | Dutch Commentaries | Welkom op mijn kanaal! Mijn naam is Roy, ik ben 27 jaar oud en op YouTube heet ik 'Royalistiq'. Ik upload elke dag om 15.30 een nieuwe video en ik livestream ook regelmatig! 

Meer van mij weten? Volg mij op alle social media! Linkjes naar mijn socialmedia staan rechtsboven in mijn banner. Mocht je de links niet kunnen vinden dan kun je mij op alle socialmedia vinden met @Royalistiq."
"touzani","50","touzani, Touzani, Touzani., Toezani","youtube_account","Welcome to TouzaniTV. The Stage Is Yours ‚ú® ‚öΩÔ∏è
"
"feyenoord","45","feyenoord, Feyenoord, Feyenoord., fijenoord","youtube_account","Welkom op het offici√´le YouTube-kanaal van Feyenoord!"
"dondejong","43","don de jong, Don de jong, Don de Jong, DON DE JONG, Don de jong., Don de Jong., dondejong, Dondejong, don de jongh, Don de Jongh","youtube_account","N/A"
"monstertube","41","monster tube, Monster tube, Monster Tube, monstertube, Monstertube, Monstertube.","youtube_account","JE BENT EEN HELD !
"
"sidemen","39","sidemen, Sidemen, Sidemen., sideman, Sideman, Sideman., Jidemen.","youtube_account","Welcome to the official Sidemen channel. The home of #SidemenSundays - We post new Sidemen videos every single Sunday!"
"rijkhofman","35","rijk hofman, Rijk hofman, Rijk Hofman, Rijk Hofman., rijkhofman, Rijk hoffman, tijkhofman","youtube_account","Dit kanaal bestaat om je te laten lachen. that's it!"
"samandcolby","33","sam and colby, sam and Colby, Sam and colby, Sam and Colby, Sam And Colby, Sam and Colby., samandcolby, sam and cobey, Sam and coby, Sam and Cody","youtube_account","What's up guys it's Sam and Colby! On this channel we react to haunted, scary, exploration videos and things they missed on our main channel! Subscribe for more!

Much love
-S and C
"
"chatmo","32","chatmo, Chatmo, CHATMO, chatmo 2, Chatmo 2","youtube_account","Subscribe to my channel if you see this üòÑ

E: info@chatmo.nl
"
"isae","32","isae, Isae, ISAE, isea, ISEA, isae w","youtube_account","Als je dit leest, ik hoop dat we het samen maken. 

Welkom op het kanaal van ISAE! Hier vind je elke week de gekste livestreams, grappige video's, vlogs vol chaos, pranks en nog veel meer!
"
"markiplier","31","markiplier, Markiplier, Markiplier., markaplier, Markeplier, Markplier.","youtube_account","Hi, I'm Markiplier. I make videos. 

From quality content to meme-able garbage, from scary games to full-on interactive movies you'll find it all. You will, actually. I have over 5000 videos so I'm sure there's something you'd like. 

Maybe you like horror games, or funny games, or comedy sketches, or animations, or compilations, or reactions, or reviews, or challenges, or cryptic lore, or mind-crippling ennui, or stuff-that-is-guaranteed-to-probably-make-you-cry? Whatever you're into I'm sure there's something for you down in the briny deep of my video page. So why not dive in?

Or don't. Life is yours to choose after all.
"
"amp","28","amp, Amp, AMP, AMP., zapp, Zapp","youtube_account","All business inquiries: fanumbusiness@gmail.com"
"espn","26","espn, Espn, ESPN, espn nl, Espnnl, EspnNL, ESPNL","youtube_account","Serving Sports Fans. Anytime. Anywhere."
"ishowspeed","25","I show speed., ishowspeed, Ishowspeed, IshowSpeed, IShowSpeed","youtube_account","Thank GodüëèüèΩüôèüèΩ"
"msa","25","msa, Msa, MSA, MSA., nba, Nba, NBA","youtube_account","My story animated is a digital platform that provides teenagers and adults the most interesting and life changing stories with the world.
"
"laatkomers","24","laat komers, LAAT KOMERS, laatkomers, Laatkomers, Laatkomers., laatkommers","youtube_account","Welkom op het kanaal van Laatkomers! ‚è∞
"
"coryxkenshin","22","Cory x Kenshin, coryxkenshin, Coryxkenshin, CoryxKenshin, CoryXKenshin, Coryxkenshin., CoreyxKenshin, Coryxkhenshin","youtube_account","Just trying to live in God's image. Hopefully my videos can make your day a little better.
"
"kleinejohn","20","kleine john, kleine John, Kleine john, Kleine John, KLEINE JOHN, kleine jhon, KLEINE JHON","youtube_account","Yo guys!  Welkom op mijn kanaal! Mijn naam is Kleine John en ik upload elke donderdag & zondag.

ABONNEER als je houd van lachen!
‚Ü™ http://bit.do/abonneerkleinejohn

Link naar mijn andere socials! ‚ûú 
Instagram: https://www.instagram.com/kleinejohn
Snapchat: https://snapchat.com/add/kleinejohn
TikTok : https://www.tiktok.com/@kleinejohn1
Twitter: https://twitter.com/kleinejohn2
1e YouTube kanaal: https://youtube.com/kleinejohn

"
"paraduze","20","paraduze, Paraduze, Paraduze.","youtube_account","Welkom op mijn gaming kanaal! Mijn naam is Rick Ruiter en sta bekend onder de naam Paraduze.

Check hier mijn andere kanalen voor meer content:
Rick: https://www.youtube.com/@RickRuiter0
Rick Reageert:  https://www.youtube.com/@RickReageert
"
"straykids","17","@straykids, stray kids, Stray kids, Stray Kids, Stray kids., Stray Kids., straykids, Straykids, Straykids.","youtube_account","Stray Kids Official YouTube"
"gamemeneer","17","game meneer, gamemeneer, Gamemeneer","youtube_account","Welkom op GameMeneer. Mijn naam is Don en ik maak onder andere entertainment & gaming video's.
Bijna dagelijks kan je video's van mij verwachten in zoetsappige 1080 HD kwaliteit.
Ben je nieuw hier en wil je op de hoogte blijven van alles wat ik doe, dan kan je op de 'Abonneer'-knop drukken.

Business Contact: gamemeneer@bombersandlemonade.com

Wettelijk gelul:
Dit kanaal staat onder toezicht van het Commissariaat voor de Media.

Informatie:
https://linktr.ee/gamemeneer
"
"creachick","16","creachick, Creachick, CreaChick, Creachick., creachic, creachik, creacick","youtube_account","Hee, welkom op dit kanaal! Een kanaal vol met gezellige creatieve challenges waarbij ik teken, schilder of iets anders maak/uitprobeer. Have fun!"
"familielakap","16","familie lakap, Familie lakap, Familie Lakap, familielakap, familieLakap, Famillie Lakap","youtube_account","Hier kom je de leukste challenges tegenüòé

"
"hanwe","16","hanwe, Hanwe, hanwee","youtube_account","‚ñ∫ Tweede kanaal: https://www.youtube.com/hantwee


‚ñ∫Social Media: 
- Instagram: https://instagram.com/hanwe
- Twitter: https://twitter.com/HanweChang


Voor zakelijke vragen/verzoeken mail naar: hanwezakelijk@gmail.com"
"sturniolotriplets","16","sturniolo triplets, Sturniolo triplets, Sturniolo Triplets, Sturniolo triplets., sturniolotriplets, Sturniolotriplets, Sturniolo triplet","youtube_account","Sturniolos live video‚Äôs"
"glowmovies","15","@Glowmovies, Glow movies., glowmovies, Glowmovies, glomovies","youtube_account","Hoi, wij zijn Rik en Jesper van Glowmovies! Wij zijn gewone jongens die bijzondere dingen doen. üõ†üé¢üåä

We nemen je mee in de meest avontuurlijke challenges. Van indrukwekkende doe-het-zelf constructies tot aan de meest extreme experimenten.  

Vergeet niet te abonneren en mis geen¬†enkel¬†avontuur!

"
"tommyinnit","14","@Tommyinnit, tommyinnit, Tommyinnit, TommyInnit, Tommyinit","youtube_account","I'm overrated but still good"
"kaicenat","14","kai cenat, Kai cenat, Kai Cenat, Kaicenat, kai canat","youtube_account","Unknown"
"weetikniet","14","weet ik niet, Weet ik niet, WEET IK NIET, weet niet, Weet niet","youtube_account","N/A"
"yarasky","13","yarasky, Yarasky, yarsky","youtube_account","Welkom op mijn Youtube kanaal, abonneer nu om op de hoogte te blijven van alle uploads van veel verschillende games!"
"harm","12","harm, Harm, arms","youtube_account","N/A"
"ssundee","12","ssundee, Ssundee, SSundee, Ssundee., ssunddee, Ssunder","youtube_account","Welcome to my channel!  I upload a lot of funny Minecraft, Fortnite and Among Us Videos! I also upload random games. lol I yell a lot.

I also play random games from time to time.

-SSundee"
"ziggosport","12","ziggo sport, Ziggo sport, Ziggo Sport, ziggosport, Ziggosport, ziggo sports, Ziggo Sports","youtube_account","Maak vandaag fantastisch! Met het beste entertainment voor jou. "
"jordystorm","11","jordystorm, Jordystorm, jordysrorm","youtube_account","Reallife content van JordyStorm"
"kriekel","11","kriekel, Kriekel","youtube_account","Ik hou van mensen blij maken :)"
"nee","11","nee, Nee, NEE, geen, Geen, veel, Veel, dee, Mees, Weet","youtube_account","N/A"
"outdoorboys","11","outdoor boys, Outdoor boys, Outdoor Boys., Outdoor-boys, outdoorboys, Outdoorbots","youtube_account","Me and my boys, Tommy, Nate and Jacob are the Outdoor Boys. We love all things outdoors: family projects and adventures, travel, forging, camping, camp fire cooking, fossil hunting, magnet fishing, metal detecting, goofing around whatever we darn-well feel like!! 
We also do tons of fishing videos and have posted over 300 videos on our fishing YouTube Channel https://www.youtube.com/catfishandcarp"
"barz","10","101 barz, 101 Barz, 101barz, 101Barz, boaz, Boaz, 101 Bayz., Bam.","youtube_account","101Barz is het grootste hiphop-platform van Nederland met wekelijks nieuwe video's. Natuurlijk brengt Rotjoch je elke week de welbekende Studiosessies op je beeldscherm, maar dat is niet alles. Tijdens 'Next Up' bezoekt Barz de grootste aanstormende talenten en voor de persoonlijke verhalen van je favoriete artiest  maakt 101 de 'Portret'-items. Op de hoogte blijven? Abonneer je op ons kanaal.

Wil jij de redactie iets mailen? Stuur het naar barzredactie@bnnvara.nl
 
101Barz is een online platform van BNNVARA, onderdeel van de Nederlandse Publieke Omroep."
"enzo","10","enzo, Enzo, ENZO, tenz, wenzo","youtube_account","Mijn naam is Enzo Knol en ik upload hier wekelijks gamevideo‚Äôs! 

Mijn eigen merchandise ‚ûú http://bit.ly/knolpowermerch

Hier plaats ik soms ook wat leuks
‚ûú Instagram: http://bit.ly/InstagramEnzoKnol
‚ûú Twitter: http://bit.ly/TwitterEnzoKnol
‚ûú Snapchat: enzoknol"
"giolatooy","10","gio latooy, Gio latooy, Gio Latooy, giolatooy, gio lattoy, giolattooy","youtube_account","N/A"
"matthy","10","matthy, Matthy, Matthy., mathy","youtube_account","Die ene Brabander die onderdeel is van de Bankzitters! 

Mijn naam is Robbie, en op mijn kanaal maak ik allerlei soorten hutserige filmpjes. Soms over FIFA, F1 of een andere game. Maar ook zal er regelmatig een video voorbij komen waar ik vol entertainment reageer op programma's of andere gekke dingen! Verder zijn er ook challenges te vinden die ik maak samen met de Bankzitters!

ABONNEER!
"
"acid","9","acid, Acid, ACID, ACID (2)., Acid 2, ACID 2, AYD, ac/dc","youtube_account","dit channel is kapot very sad

chek mn tweede channel"
"airrack","9","airrack, Airrack, Airrack., Airack","youtube_account","Unknown"
"gametheory","9","game theory, Game Theory, Game theory., GameTheory, Gametheory.","youtube_account","Hello Internet! Welcome to GAME THEORY! If you‚Äôre like us, then you‚Äôve probably wondered about the secrets hidden in your favorite games. We explore the vast lore of Minecraft, piece together the craziest FNAF conspiracies, and cover the whole world of indie gaming on this channel. Join the ORIGINAL Team Theorist and Level up by hitting subscribe!

For even more theories, check out our other channels: Food Theory, Film Theory, and Style Theory!

We have a strict policy on image use for our videos, which includes only using images licensed for reuse. If we use fanart we try to find a proper source to credit the artist, but sometimes things slip through. If you think we have used your art without your permission please let us know on the Game Theorist subreddit.
"
"pewdiepie","9","pewdiepie, PewDiePie, PEWDIEPIE, pewdiepei, pewdipi","youtube_account","PewdiePie Highlights and Shorts
"
"prive","9","prive","youtube_account","N/A"
"smiiy","9","smii7y, smii7Y, Smii7y, smi77y, Smi77y, Smiity., Smiizy","youtube_account","Welcome to SMii7Yplays!

A channel where I explore some of the weirdest and story driven games available that don't really fit on my main channel.

Use code S7 on Gamer Supps for 10% OFF your order! https://gamersupps.gg/s7
"
"twisty","9","twisty, Twisty, Twisty., twist","youtube_account","Ik ben Thomas, leuk dat je op mijn kanaal kijkt! Ik ben de hoogste rank in Rocket League en ik maak video‚Äôs die jou zullen helpen om beter te worden in Rocket League. Abonneer als je niets wil missen ‚¨áÔ∏è."
"voetbal","9","voetbal, footbal","youtube_account","N/A"
"markrober","8"," mark rober, @Mark Rober, mark rober, Mark rober, Mark Rober, markrobert","youtube_account","Welcoming ALL the future engineers and creators! Visit CrunchLabs.com
"
"chainsfr","8","chainsfr, Chainsfr, ChainsFR, chains","youtube_account","i love you"
"ferless","8","fe4rless, Fe4rless, Fe4rLess, Fearless","youtube_account","Unknown"
"frankvd","8","frank V D, Frank vd, frankvd, Frankvd","youtube_account","Hoi, ik ben Frank (20).
Mijn hobby is om filmpjes te maken met een mooi/humoristisch verhaal, meestal voor amusement maar ook om mensen te laten inspireren en een boodschap door te geven. 
Al vanaf mijn jonge jaren ben ik al met filmpjes bezig, tot op de dag van vandaag ben ik vast besloten om hier mijn carri√®re van te maken.

Zakelijk: teamfrank@scooperz.nl

insta: https://www.instagram.com/frankvd/?hl=en

tiktok: https://www.tiktok.com/@frankvd_yt?lang=en

Gear: Sony A7C, DJI Air2S, Canon M50, Zhiyun weebill S.
Editing software: Adobe Premiere Pro, After Effects, Davinci Resolve en Photoshop"
"grian","8","grian, Grian","youtube_account","Unknown"
"idk","8","idk, ik, Ik, Mick, mick 2, Mick., dirk, pink","youtube_account","Baby Scale"
"mystoryanimated","8","my story animated, My story animated, MY STORY ANIMATED, mystoryanimated","youtube_account","We create short movies about life, business, and relationships we hope you like them. don't forget to subscribe. "
"ronald","8","ronald, Ronald, ronaldo","youtube_account","Abonneer op mijn hoofdkanaal: https://www.youtube.com/user/HetGamePortaal"
"supergaande","8","supergaande, Supergaande, suppergande","youtube_account","N/A"
"walnut","8","walnut, Walnut, WALNUT","youtube_account","Beter dan Walnut"
"ziggo","8","ziggo, Ziggo, Ziggo., Fiago","youtube_account","N/A"
"bender","7","@BENDER, bender, Bender, Berner415","youtube_account","Stream highlights. "
"brugklas","7","brugklas, Brugklas TV","youtube_account","Dit is het offici√´le YouTubekanaal van Brugklas! 
Elke dinsdag vind je hier een nieuwe exclusieve video, elke vrijdag vind je hier een nieuwe weekupdate! 

Krijg jij ook geen genoeg van Brugklas? Abonneer je dan nu op dit kanaal en volg ons op Insta (@BrugklasTV) en Toktok (@brugklas.toktok)! 

Brugklas seizoen 13 is vanaf 2 september weer elke schooldag te zien op NPO Zapp.

Brugklas is de eerste scripted-reality jeugdserie in Nederland, waarin een vaste groep leerlingen gevolgd wordt tijdens het eerste jaar van de middelbare school. Brugklas is voor schoolgaande kinderen met herkenbare en aangrijpende verhalen."
"dailydoseofinternet","7","daily dose of internet, Daily dose of internet, Daily Dose of Internet","youtube_account","This is YOUR Daily Dose of Gaming"
"dantdm","7","Dan tdm, dantdm, Dantdm, DanTDM, dangdo","youtube_account","Unknown"
"dutchtuber","7","DUTCH TUBER, dutchtuber, Dutchtuber, Dutchtuber., dutchuber, Dutchuber","youtube_account","Ik speel spelletjes zoals Minecraft en Roblox met veel plezier en enthousiasme! Kijk je mee?

Business inquiries: dutchtuberzakelijk@gmail.com

Dit kanaal staat onder toezicht van het Commissariaat voor de Media
Accountnaam: Dutchtuber2
E-mail: Hieronder te vinden
"
"ninja","7","ninja, Ninja","youtube_account","Tyler ""Ninja"" Blevins is a professional Battle Royale Player and Streamer. He currently is playing Fortnite, Valorant, and Warzone
*Accomplishments*
- 1st Place Fortnite Celebrity Pro-Am Tournament E3 2018
- 1st Place PUBG Squads Gamescom Invitational 2017
- 2nd Place H1Z1 5s Dreamhack 2017
- 1st Place H1Z1 Invitational 2015
- 1st Place Halo 4 Dallas 2012
- 1st Place AGL 8 Knoxville

He is known for his goofy energetic personality and his incredible impressions.

Be sure to check out the official #TeamNinja brand: www.teamninja.com 

CIO @ $GAME
"
"altijdmelvin","6","altijdmelvin, Altijdmelvin","youtube_account","Welkom op mijn kanaal AltijdMelvin!
Ik ben Melvin, 26 jaren jong en ik maak video's voor ieders vermaak! Ik upload op een wekelijkse ratio verscheidene (indie horror) games en horror video's. Ook reageer ik op horror video's zoals Life of Luxury en ben ik groot fan van Until Dawn en Five Nights at Freddy's.

Als je helemaal nieuw hier bent en je wilt op de hoogte zijn van al mijn toekomstige avonturen, vergeet je dan zeker niet te abonneren. 

En voor zakelijke interesse ben ik bereikbaar op: melvin@sideagency.nl

Tot bij de volgende video!"
"awfireworks","6","aw fireworks, Aw fireworks, Aw Fireworks, AW fireworks","youtube_account","Wij maken leuke sfeervolle vuurwerk video's! 

"
"cemi","6","cemi, Cemi, rema, Rema","youtube_account","Subscribe For New Videos Every Day ‚öΩÔ∏è‚§µÔ∏è

Hi, my name is Celine & I love football! Welcome to my channel where you'll see all kind of challenges! Enjoy ü•≥"
"danielweyers","6","daniel weyers, Daniel Weyers., danielweyers, daniel wyers","youtube_account","N/A"
"dannyaarons","6","Danny aarons, Danny Aarons, Danny Aarons., dannyaarons","youtube_account","My Daily RTG Channel!
"
"dudeperfect","6","dude perfect, dude-perfect, dudeperfect","youtube_account","Official channel for all things Dude Perfect Gaming! ‚ö°Ô∏èüéß
"
"dylanhaegens","6","dylan haegens, Dylan Haegens, dylanhaegens, Dylanhaegens, DylanHaegens, dylan heagens, dylan hagens","youtube_account","N/A"
"fazerug","6","faze rug, Faze Rug, FaZe Rug, FazeRug","youtube_account","My goal is to make you forget about your problems when you watch my vids üòÉ

Spread Positivity Always ‚ù§Ô∏è

Business Inquiries: njayaram@excelsm.com
"
"fortnite","6","fortnite, Fortnite","youtube_account","Build, explore, and squad up for a new survival crafting game inside Fortnite! #LEGOFortnite rated E10+ EVERYONE, PEGI 7

Unlock a #LEGOFortnite Style when you link your Epic Games and LEGO accounts

The game is built for players of all ages and is rated:

ESRB (North America) E10+
USK (Germany) 12
PEGI (Europe & UK) 7
CERO (Japan) A
ACB (Australia) PG
OFLC (New Zealand) PG
ClassInd (Brazil) 10+
GRAC (South Korea) 12
"
"jacksepticeye","6","jacksepticeye, Jacksepticeye, jackseptieye","youtube_account","I play videogames but I also make other content like Try not to laugh, reacting to tik toks, meme review and IRL content. A lot of people come to my channel for long let's plays, especially for Sony Exclusive games from Playstation."
"jordanmatter","6","jordan matter, Jordan Matter, Jordan Matter., jordanmatter","youtube_account","My daughter has taken over my channel!"
"kallmekris","6","kall me kris, kallmekris, Kallmekris, Call me Kris.","youtube_account","Whats Good Tube...My Name is Kris, 20 years old from Dayton, Ohio. 

I come to the Tube alot because, i like to see crazy shit, funny shit, weird shit, cute shit, dumb shit, sick shit, old shit, new shit, etc...aswell as Talent, and Opinions. So if i comment on ya video or you happened to catch a comment that i left,..go ahead and tell me how u feel.

p.s...Fuck a racist person, you dig?

www.myspace.com/kris_twin_2"
"lazarbeam","6","lazarbeam, Lazarbeam, LazarBeam, lazerbeam","youtube_account","Extra LazarBeam content thats too scuffed for my main channel
Business Inquiries - LazarBeam@night.co
"
"makkers","6","makkers, Makkers, de makkers, demakkers","youtube_account","Welkom op het offici√´le EXTRA YouTube kanaal van de Makkers. Op dit kanaal vind je content van de Makkers die helaas het hoofdkanaal niet heeft gehaald. "
"marijnkuipers","6","marijn kuipers, Marijn kuipers, Marijn Kuipers, martijn kuipers","youtube_account","MIJN SOCIALS
Persoonlijke Instagram: https://www.instagram.com/marijnkuipe...
Persoonlijke Tiktok: https://www.tiktok.com/@marijnkuipers? 
Fitness instagram: https://www.instagram.com/gymarijn/
E-mail: marijn@gamechangers.nl
"
"nicolelaeno","6","nicole laeno, Nicole laeno, Nicole Laeno, nicolelaeno","youtube_account","NEW VIDEOS EVERY SUNDAY @ 12PM PST!
Enjoy vlogs, challenges, & more!

Dad - Noel
Mom - Linda
Brother - Christian
Sister - Nicole
Dog - Sadie
"
"samsulek","6","sam sulek, Sam Sulek, Samsaiek","youtube_account","Bodybuilding Content 

Insta: sam_sulek
Tiktok: https://www.tiktok.com/@sam_sulek?_t=8Ywdq9BmTD1&_r=1"
"svenenkoen","6","sven en koen, Sven en koen","youtube_account","Yow,
Wij zijn Sven en Koen en dit is ons 2e youtube kanaal!
Op dit youtube kanaal gaan wij de tofste video's maken en laten wij zien wat we doen in onze vrije tijd!

We houden erg veel van mooie auto's en dat zal je regelmatig terug zien op dit kanaal!

Ben je al geabonneerd? waarom niet?"
"taylorswift","6","Taylor swift, Taylor Swift, taylorswift, Taylorswift","youtube_account","All‚Äôs fair in love and poetry... New album THE TORTURED POETS DEPARTMENT. 
Out April 19 ü§ç

"
"auziomf","5","Auzio MF, auziomf, Auziomf, Auzio","youtube_account","EAFC Content Creator üòé

Thanks for the support ‚ù§Ô∏è
"
"clix","5","clix, Clix, ali a, ali b","youtube_account","Welcome to my Official Second Channel! Here you will find a variety of different videos based on content from my Twitch streams!"
"clonnygames","5","clonny games, Clonny games, clonnygames","youtube_account","‚ú™ Welkom op Clonny Games! Mijn naam is Dante en op dit kanaal upload ik video's van gameplay, unboxings, vlogs etc."
"dafuqboom","5","Dafuq Boom, DaFuq!?Boom!, DaFuq?!Boom, DaFuq?!Boom!, dafuqboom","youtube_account","DaFuq!?Boom!

40 MILLION SUBSCRIBERS - 30th March 2024
30 MILLION SUBSCRIBERS - 19th September 2023
25 MILLION SUBSCRIBERS - 17th August 2023
20 MILLION SUBSCRIBERS - 18th July 2023
10 MILLION SUBSCRIBERS - 7th June 2023
5 MILLION SUBSCRIBERS - 15th May 2023
1 MILLION SUBSCRIBERS - 5:43 A.M., 23rd November 2021
900k subscribers 4th April 2021
700k subscribers 19th July 2020
200 MILLION VIEWS IN TOTAL - 2nd April 2020
600k subscribers 27th March 2020
500k subscribers 23rd November 2019
100 MILLION VIEWS IN TOTAL  - 12 April 2019
300k subscribers - 27 February 2019
35 million views in total - 08/02/2018
50k subscribers - 12/04/2017
10 million views in total - 11/28/2017
30k subscribers - 08/03/2017
3 million views in total - 07/11/2017
20k subscribers - 07/05/2017
10k subscribers - 05/18/2017
"
"furtjuh","5","furtjuh, Furtjuh","youtube_account","Druk snel op de abonneer knop, dan zie je elke donderdag om 16:00u mijn nieuwste video!

Rutger Vink (Furtjuh) staat onder toezicht van het Commissariaat voor de Media. Contact opnemen kan via amber@theagent-c.amsterdam.
"
"jelly","5","jelly, Jelly, Jelly., Jell, Jolly","youtube_account","Unknown"
"jidion","5","jidion, Jidion, JiDion, Jidion.","youtube_account","Welcome to EDPWATCH. On this channel, we present weekly true crime documentaries that shed light on the exploitation and vulnerability of children, as well as the adults who attempt to prey on them. Please note that we are not law enforcement, though we work closely with them to ensure that those documented are held accountable for their actions. We invite you to support our mission of advocating for those who cannot protect themselves by subscribing today!


"
"koenweijland","5","koen weijland, Koen Weijland, Koen weiland, Koen Weiland, koenwijland","youtube_account","Ik maak video's over EA FC 25, voetbal en andere sport!"
"kristysnepvangers","5","kristy snepvangers, Kristy snepvangers, kristysnepvangers","youtube_account","Neem een kijkje in mijn sportwereld! üìπ
International jumping & eventing riderüß° 
Follow Your Dreams üåü

"
"kubzscouts","5","kubz scouts, Kubz scouts., Kubzscouts, kubz scout, Kubzscout, Kubscoutz","youtube_account","N/A"
"mezelf","5","mezelf, Mezelf, ikzelf","youtube_account","N/A"
"milanknol","5","milan knol, Milan knol, milanknol, Milanknol","youtube_account","https://linktr.ee/milanknol2


"
"misterbeast","5","mister beast, misterbeast, Misterbeast, MsterBeast","youtube_account","N/A"
"mongraal","5","mongraal, Mongraal, Mingraal","youtube_account","üçÄ USE CODE ‚ÄúMONGRAAL‚Äù IN THE ITEM SHOP FOR GOOD LUCKüçÄ #ad 
"
"mrsavage","5","Mr Savage, mrsavage, Mrsavage, MRsavage","youtube_account","Professional Fortnite Player and Content Creator.


Welcome to my #more channel"
"onnedi","5","onnedi, onneDi, Onnedi, onedi, Onnedie","youtube_account","Welkom! Op dit kanaal vind je mijn Misdaad & Mysterie video's en soms ander soort content. Meer ge√Ønteresseerd in gaming? Bekijk dan mijn 2e game-kanaal Onnestream; daar livestream ik elke zondag om 19:00.

Beluister ook mijn Podcasts:
https://podimo.com/nl/shows/moordcast
https://podimo.com/nl/shows/ooggetuigen

Volg mij op Social Media:

‚ô¶Ô∏è 2e GAME KANAAL - https://www.youtube.com/channel/UC2OCCDJV3ufNcpE2RxwJ2Xw/featured
‚ô¶Ô∏è TIKTOK: https://www.tiktok.com/@onnedi
‚ô¶Ô∏è FACEBOOK - https://www.facebook.com/pages/Onnedi...
‚ô¶Ô∏è INSTAGRAM - http://www.instagram.com/Onnedi
‚ô¶Ô∏è E-MAIL ZAKELIJK - bente@amillionfaces.nl

OnneDi staat onder toezicht van het comissariaat van de media. Contact opnemen kan via bente@amillionfaces.nl
"
"theboys","5","the boys, The boys, The Boys, The boys., Theboys","youtube_account","The Boys React content every Wednesday!
Business Inquiries: theboys@clickmgmt.com.au
"
"whopcap","5","whopcap, Whopcap","youtube_account","Hi! Just a guy who sometimes like to share my experiences!

Thank You for stopping by :)"
"ranboo","4","@Ranboo, ranboo, Ranboo.","youtube_account","This is honestly just bad ideas put on the internet for all to see. Have fun!
Business email is ranboobusiness@gmail.com

"
"acookiegod","4","acookiegod, cookie god, cookiegod, Cookiegod., acoockiegod","youtube_account","A deep voiced dude who plays Roblox with his idiot friend :)
official merch store: https://acookiegod.com/
"
"afcajax","4","afc ajax, Afc ajax, Afc Ajax, AFC Ajax","youtube_account","Welcome to the official Youtube channel of AFC Ajax.

Never miss an upload? Subscribe now."
"bellingas","4","Bellinga's, Bellinga¬¥s, bellingas, bellinga","youtube_account","Hallo! Mijn naam is Luan. Ik ben 12 jaar (09-08-2012) en ben gek op vloggen en filmpjes maken.
Wij zijn met ons gezin op WERELDREIS en in mijn (week)vlogs neem ik jullie graag mee. 

Daarnaast zijn mijn hobby's o.a. zingen en dansen, vlogs maken en veel avonturen beleven!

Mijn papa en mama hebben ook een eigen youtube kanaal. Die begonnen ze toen ik ( nog net geen) 1 jaar was. Dus vloggen is er een beetje letterlijk met "" de paplepel""  ingegoten :P

Zo ontdekte ik dat ik zelf vloggen ook erg leuk vind! 

Vandaar dat ik nu ook mijn eigen youtube kanaal heb waar ik allemaal leuke filmpjes mag maken.

Wat voor filmpjes kan je op dit kanaal verwachten?

(Week)vlogs en leuke shorts.

Als je het leuk lijkt, abonneer dan op mijn youtube kanaal. (dat zou ik heel erg leuk vinden)

Alvast super dankjewel en veel kijkplezier!

Groetjes, van Luan

* Dit kanaal word onder controle gehouden door mijn   ouders."
"benoftheweek","4","Benoftheweek, Benoftheweek.","youtube_account","burner account
"
"boos","4","boos, Boos, BOOS, boef, Boef, boom","youtube_account","N/A"
"bts","4","bts, BTS, bt1, Bt1, beta","youtube_account","N/A"
"celinaspookyboo","4","celinaspookyboo, Celinaspookyboo, CelinaSpookyboo","youtube_account","I promise you a lifetime of weirdness.... Seriously I love you all so much and can't thank you enough for supporting me in everything I do


"
"courtreezy","4","courtreezy, Courtreezy, Courtreezy.","youtube_account","hey. yeah this is the second channel. wuz good?

instagram: @courtreezy
twitter: @courtreezy_
tiktok: @courtreezy0
"
"dancemoms","4","dance moms, Dance moms, dancemoms","youtube_account","A&E leads the cultural conversation through high-quality, thought provoking original programming with a unique point of view. Whether it‚Äôs the network‚Äôs distinctive brand of award-winning disruptive reality or groundbreaking documentary, A&E makes entertainment an art form. Visit us at aetv.com for more info."
"dashiegames","4","dashiegames, DashieGames","youtube_account","Funny ass videos, Very bad language."
"dazgames","4","daz games, Daz games, Daz-Games, dazz games","youtube_account","Fishing, Adventure, Travel And much more!! With Daz & Will!"
"divaio","4","divaio, Divaio, divajo, Divao","youtube_account","Mijn naam is Divaio!
Ik ben een opkomende YouTuber en wil laten zien dat je alles kan bereiken wat je maar wilt!
Niks is onmogelijk als je erin gelooft.

ABONNEER om altijd op de hoogte te blijven!
‚Ü™ https://www.youtube.com/c/DivaioTakeOver

JOIN DE DTO!!!!

"
"dream","4","dream, Dream","youtube_account","My main channel is @Dream, I post lots of alternate stuff here."
"formula","4","formula 1, Formula 1, formula1, Formula1, formule 1","youtube_account","Subscribe for good luck for 100 years! üëÜ

I post daily minecraft let's play videos."
"gewoonthomas","4","gewoon thomas, GEWOON THOMAS, gewoonthomas, GewoonThomas","youtube_account","N/A"
"giel","4","giel, Giel, Giel., ties","youtube_account","Unknown"
"hooligirls","4","hooligirls, hooligurls","youtube_account","De Hooligirls hebben hun eigen kanaal! Welkom op d√© plek waar je zij alles gaan geven. Geen challenge is te veel! Wie zal de hoofdprijs van het seizoen winnen? Check het hier iedere dinsdag voor een nieuwe aflevering van Hooligirls!"
"jperm","4","J perm, J Perm, j-perm, Jperm, Jerma985","youtube_account","I make videos so you can get faster!
Check out the ""Playlists"" section on the main channel page.

Business Email ‚ñ∫ dylanqwang@gmail.com

How you can support me:
Patreon ‚ñ∫ http://patreon.com/jperm
Clothing ‚ñ∫ http://teespring.com/stores/jperm

F2L Algs ‚ñ∫ http://bit.ly/bestf2l
PB Sheet ‚ñ∫ http://bit.ly/JPERMPBS
Facebook ‚ñ∫ http://facebook.com/jpermcubing

Where I buy cubes:
SpeedCubeShop ‚ñ∫ http://bit.ly/2nW3qWg
Using the code ""JPERM"" supports my channel and also gives you a discount on your order!"
"jemoeder","4","je moeder, Je moeder, jemoeder, Jemoeder, enjemoeder","youtube_account","N/A"
"jeugdjournaal","4","jeugdjournaal, Jeugdjournaal","youtube_account","Dit is het YouTube-kanaal van het NOS Jeugdjournaal. Hier plaatsen we veel van onze verhalen, die je ook in onze uitzending op tv (elke dag op Zapp om 19:00 uur) en in de Jeugdjournaal-app (jeugdjournaal.nl/app) kunt zien.

‚ñ∫ VRAGEN/TIPS/IDEE√ãN? 
Je kunt ons mailen op jeugdjournaal@nos.nl of stuur ons een berichtje op Instagram:
http://www.instagram.com/nosjeugdjournaal/

Vind je onze video's leuk? Abonneer je dan op ons kanaal en laat een comment achter. Die lezen we met veel plezier!

‚ñ∫ JE KUNT ONS OOK VINDEN OP: 
Website: www.jeugdjournaal.nl
App: http://www.jeugdjournaal.nl/app
Instagram: http://www.instagram.com/nosjeugdjournaal
TikTok: https://www.tiktok.com/@nosjeugdjournaal"
"juniorsongfestival","4","junior songfestival, Junior Songfestival, juniorsongfestival","youtube_account","De jonge carri√®re van Matheu Hinzen, 18 jaar oud en afkomstig uit Weert, is indrukwekkend te noemen. Hij speelde in 7 films waaronder Bloed Zweet & Tranen en Onze Jongens in Miami, vertolkte de hoofdrol van Ciske in de musical Ciske de Rat, hij wist in 2016 de finale van Superkids te bereiken en won in 2019 het Junior Songfestival met zijn song Dans Met Jou. Hiermee behaalde Matheu voor Nederland een 4e plaats op het Junior Eurovision in Polen.

Hoewel zijn talent meerdere disciplines bestrijkt, is muziek en zingen echt de allergrootste passie. Na het Junior Songfestival brengt Matheu nog steeds songs uit, waaronder zijn single ""Voor even stil"" en ""Alles voor jou"" 

Matheu kan niet stilzitten op muzikaal front: zo brengt hij regelmatig coversongs en eigen muziek uit met video‚Äôs uit die je hier op YouTube kan bekijken!
"
"kalvijn","4","kalvijn","youtube_account","Unknown"
"linktijger","4","linktijger, Linktijger","youtube_account","Volg mijn gekke YouTube avonturen!

üì± Alle Socials: https://linktr.ee/LinkTijger
üì© Zakelijk contact: TeamLink@Scooperz.nl

LinkTijger
Contact: TeamLink@Scooperz.nl
Dit account staat onder toezicht van het commissariaat van de media.
"
"niks","4","niks, Kiss, Sims 4","youtube_account","N/A"
"parrot","4","parrot, Parrot","youtube_account","Unknown"
"plodno","4","plodno, Plodno","youtube_account","extra Plodno content

Plodno (hoofdkanaal): https://www.youtube.com/plodno

Merchandise: https://www.plodno.nl // https://www.plodno.com

Instagram: https://www.instagram.com/plodno

Plodno¬≤
"
"raoul","4","raoul, Raoul, RADAL","youtube_account","De bekendste Boomer van Nederland en 20% van de Bankzitters! Door te abonneren mis je niets en blijf je op de hoogte van alles wat er op dit kanaal te zien is. DO YOU LIKE WHAT YOU SEE?? Check dan zeker even mijn tweede kanaal: https://www.youtube.com/channel/UClpGjlWjyEXXFHY06FA5vaw

‚û°Ô∏è Op zoek naar xbox live, PlayStation plus en tegoed kaarten? http://www.ikwiltegoed.nl üëÄüí∏
‚û°Ô∏è Abonneer ook op het Bankzitters kanaal: https://www.youtube.com/channel/UC72_FRBE63kbHDYeKgc5HDg üõãüë®‚Äçüë¶üë®‚Äçüë¶‚Äçüë¶"
"rutgerenthomas","4","rutger en thomas, Rutger en Thomas","youtube_account","N/A"
"sb","4","sb-737, sb737, SB737, SBS, sbs6, SBS6, Sml, SNL, soz","youtube_account","This is an official SB737 channel where I upload all the best stream highlights and BONUS content WEEKLY! so please SUBSCRIBE! 
For all business inquiries please contact via email.
Business Inquiries - sam@sb737.org

MERCH - https://sb737.store/


"
"slotta","4","slotta, Slotta","youtube_account","Als je nieuw bent op dit kanaal, houd me vast. Maar niet te lang moet ook nog andere dingen doen vandaag.

Abonneer en ik zal vandaag een biertje nuttigen.

Voor zakelijke aanvragen: frank@fifty-fifty.nl 

Social Media:
‚óè Instagram: http://instagram.com/FrankSlotta
‚óè Twitter: https://twitter.com/FrankSlotta
‚óè Snapchat: Slottaaa"
"socksfor","4","socksfor1, Socksfor1, socksfor3, Socksfor3, Sockfor1","youtube_account","i got a little bit bored 
Business Inquires: socks@night.co

"
"timtygran","4","tim tygran, Tim Tygran","youtube_account","‚á® Ik reis de hele wereld over op zoek naar de meest bijzondere verhalen en avonturen. Ik neem mijn camera mee en leg dit vast voor jullie. Alles draait om spanning & avontuur!

‚û§ Samenwerken / aanvragen / sponsoren
‚á® management@GovertSweep.nl"
"tuonto","4","tuonto, Tuonto, Tuonto.","youtube_account","Get cozy, grab a snack, prepare for a little spook here and there... Expect stories that will make you cry your heart out, but also expect horror games that will make u jump. But don't worry, I'll be there screaming with you"
"vogue","4","vogue","youtube_account","Welcome to Vogue's Global Video Channel, where the culture of fashion is defined.  "
"blackpink","3","@blackpink, blackpink","youtube_account","Welcome to YG Entertainment"
"nosjeugdjournaal","3","@NOS jeugdjournaal, nos jeugdjournaal, NOS jeugdjournaal","youtube_account","N/A"
"tubbo","3","@Tubbo, tubbo, Tubbo","youtube_account","VODs from Tubbo's twitch channel"
"bitryan","3","8-bitryan, 8bitryan, 8bitRyan","youtube_account","Unknown"
"ajax","3","ajax, Ajax, Adam","youtube_account","N/A"
"alexklein","3","Alex klein, alexklein, Alexklein, Alex h Klein","youtube_account","
Hey! Mijn naam is Alex en ik maak game video's! Klik op de knop ABONNEER voor video's vol chaos! 
"
"alexpoatanpereira","3","alex poatan pereira","youtube_account","Official Youtube Channel of Alex Poatan Pereira.
"
"anass","3","anass, annas, Annas","youtube_account","Abonneer als je dit leest..‚ù§Ô∏è"
"andrewtate","3","Andrew tate, Andrew Tate, Andrew Tate.","youtube_account","Andrew Tate's Official channel for live broadcasts."
"arjenlubach","3","arjen lubach, Arjen Lubach","youtube_account","Het offici√´le YouTube kanaal van Arjen Lubach."
"benderbij","3","benderbij, Benderbij","youtube_account","N/A"
"berleezy","3","berleezy","youtube_account","#1 Source of Twitch Highlights from the best Content Creator in the galaxy. IMLYKE.

Follow/Support the Twitch ‚ñ∫ https://www.twitch.tv/berleezy

Thots ‚ñ∫ https://www.instagram.com/berleezy
Thoughts ‚ñ∫ https://twitter.com/berleezy
Old School ‚ñ∫ https://www.facebook.com/berleezy"
"billieeilish","3","billie eilish, Billie eilish, Billie Eilish","youtube_account","Unknown"
"blooprint","3","blooprint, Blooprint","youtube_account","Welcome to the bunker! This channel will feature edited videos pulled from my Twitch VODs and also extra off-stream content. 
Uploads are every 5-10 days. 

Bunker Team:
Primary Editor: Hood - https://twitter.com/HooD________
Primary Editor: Leyenda - https://twitter.com/LeyendaBoy
Channel Thumbnails: JPRyno - https://twitter.com/JPRyno1
Pixel Art Banner: Hexh - https://x.com/hexh__
"
"boeie","3","boeie, roedie, roelie","youtube_account","Broeder, 

Welkom op dit epic kanaal, je krijgt hier leuke seizoenen te zien van games als ARK Survival Evolved, Minecraft en nog veel meer!

We gaan de Roediementair tijden weer herleven, I know, goed grap. Dit kanaal bestaat vooral om te lachen om onzinnige dingen die nergens op slaan ondanks al het serieuze wat bezig is.  Ik ben heel erg benieuwd hoe ver we gaan komen met dit nieuwe oude kanaal!

Ik zou zeggen abonneer en word ook een B-roeder als je deel wilt zijn van de reis!
Dit is het Nederlandse game kanaal voor jouw dagelijkse dosis vermaak en plezier.

Vaste partner van G-Portal.
http://g-portal.com/?ref=Broeders


"
"bokado","3","bokado, Bokado","youtube_account","Volg mij op Twitch voor wekelijkse livestreams: https://www.twitch.tv/bokadoooo

Hey!
Mijn naam is Bo en ik woon in Nederland.

Op dit kanaal kan je video's verwachten die allemaal wat te maken hebben met De Sims!
Ongeveer 2/3 keer per week zal er een Sims video online komen op dit kanaal.
De Sims is al vanaf mijn 4e jaar mijn favoriete game en nog steeds speel ik het erg graag.

Naast dit kanaal maak ik ook actief video's op mijn andere YouTube kanaal, Bokado.
Ben je benieuwd naar mijn opkomende video's? Vergeet dan zeker niet te abonneren!

Ik wil iedereen bedanken voor alle lieve reacties en support van mijn kanaal. Ik waardeer het heel erg, jullie zijn stuk voor stuk geweldig!

xx Bo"
"cboys","3","c-boys, cboys, Cboys, cdboys","youtube_account","Life wide Open Podcast with CboysTV 

Check out www.cboystv.com

Follow us on instagram @Lifewideopenpodcast
@CboysTv
@cjlotzer
@micahsandman
@benroth_
@ryaniwerks
@kenmatthees

For Promotions Email: promotions@cboystv.com

"
"cboystv","3","cboys tv, cboystv","youtube_account","N/A"
"cristiano","3","cristiano","youtube_account","Welcome to UR Cristiano - the official YouTube channel of Cristiano Ronaldo. SIUUUbscribe!"
"daiz","3","Daiz, Dani, Daz, DAZN","youtube_account","Hey, I'm Daisy‚ô° welcome to my digital diary, xoxo. 
I'm a Korean-Canadian content creator based in AB, Canada. On my channel you can expect to see productivity vlogs, food diaries, fashion and beauty videos. "
"dannygonzalez","3","danny gonzalez, Danny Gonzalez, dannygonzalez, danny gonzales","youtube_account","üòé"
"debsmikle","3","deb smikle, Deb smikle., deb smikel","youtube_account","still figuring this out 
"
"dellavlogs","3","della vlogs, Della vlogs","youtube_account","Thanks for checking out our channel.. hope you subscribe :)"
"dharman","3","dhar man, Dhar Man, dhar mann, DHAR MANN, Dharman, Dharmann., dharr man, Dharr mann.","youtube_account","Click SUBSCRIBE to stay updated üëá

Hi, I‚Äôm Dhar! I‚Äôm a mission-driven entrepreneur and filmmaker focused on ideas that have a massive positive impact on the world. The videos I create have resonated with so many that now over 105 million people follow me on social media and are part of my #DharMannFam.

My team and I at Dhar Mann Studios have created hundreds of videos about life, business, and relationships that have been viewed over 50+ Billion times! Drawing from my own personal experiences of success and failure, I strive to create powerful messages that resonate with global audiences. My mission for creating content is simple: We‚Äôre not just telling stories, we‚Äôre changing lives."
"djuncan","3","Djuncan, duncan, Duncan, Djucan","youtube_account","Het heeft geen zin om dit te lezen. Je kunt gewoon filmpjes kijken hier! "
"efteling","3","efteling, Efteling","youtube_account","Welkom op Efteling Junior! H√©t YouTube-kanaal van de Efteling met de spannendste en leukste video's!

 
"
"fcroelie","3","fc roelie, FC roelie, FCRoelie, fcroellie","youtube_account","N/A"
"flamingo","3","flamingo, Flamingo","youtube_account","The Most Botted Channel EVER
"
"fog","3","fog, FOG, FOG11, fng, Log, tgg","youtube_account","FOG is a music group based in Amsterdam, active since 2016. 

Known for their distinctive sound and raw energy, FOG is the home of talented artists Lowkey, RK, RS, CGO and Jovv. 

Together, they have been pushing the boundaries of music, making their mark on the urban scene.

Disclaimer: The content in this video is purely for entertainment purposes. All characters, events, and dialogues are fictional and should not be taken literally.
"
"freepalestina","3","Free Palestina","youtube_account","N/A"
"funnymike","3","funnymike, Funnymike","youtube_account","Official FunnyMike Live Channel

 üî¥Follow My Socials:
Main Channel: https://youtube.com/c/Funnymike
Twitter : https://twitter.com/1Funnymike
Instagram: https://www.instagram.com/FunnyMike

"
"fusionzgamer","3","FusionZgamer, FusionZGamer, Fusionzgamer.","youtube_account","Welcome to the ultimate horror gaming theory channel! If you love uncovering hidden secrets, insane game theories, and deep-dive lore breakdowns‚Äîyou‚Äôre in the right place.

üéÆ What you‚Äôll find here:
üîπ Poppy Playtime & Garten of Banban theories that will make you rethink everything üëÄ
üîπ Horror game breakdowns‚Äîfrom hidden details to insane endings explained
üîπ Ranking videos on the scariest monsters, worst experiments, and more!
üîπ Mystery & lore deep dives into the darkest corners of indie horror games
üîπFNAF Content that will keep you entertained for weeks!

üíÄ Think you‚Äôve spotted something no one else has? Drop your theories in the comments‚ÄîI love breaking them down with the community!

üì© Subscribe & turn on notifications so you never miss a new video. Let‚Äôs unravel these horror game mysteries together. üî•üé¨
"
"galatasaray","3","galatasaray, Galatasaray","youtube_account","En √∂zel i√ßeriklerimiz i√ßin sen de KATIL! üëá

Galatasaray Spor Kul√ºb√º Resmi Youtube Kanalƒ± / Official Youtube Channel Of Galatasaray"
"gamesreal","3","games4real, Games4real, game4real","youtube_account","hallo en welkom op mijn kanaal Ik ben Dylan en ik ben 23 jaar.
Ik maak video‚Äôs voor jullie op YouTube om mensen te entertainen en omdat ik het super tof vind om te doen!
Ik upload ELKE DAG een video/Livestream!

üì¢ en vergeet natuurlijk niet het üîî aan te klikken om op de hoogte te blijven van mijn video's & 
Te abonneren! https://www.youtube.com/channel/UC9SeqSlo6OiBLuHjKqnu8Pg/join

Mijn Socials:
‚úÖ Instagram: https://www.instagram.com/games4realyt
‚úÖ Spotify: https://open.spotify.com/user/games4realprive

üîä Mijn Discord: https://discord.gg/4realcommunity
üîä FutureRP Discord: https://discord.gg/frp


Zakelijk contact?
üì© info@Games4Real.nl
"
"geeneen","3","geen een, geen zin, geen zun","youtube_account","N/A"
"geenidee","3","geen idee","youtube_account","N/A"
"goodtimeswithscar","3","Goodtimeswithscar, GoodtimeswithScar","youtube_account","Welcome to the GoodClipsWithScar YouTube channel. Here you'll find my Twitch Stream highlights, epic moments, and more!

My YouTube channel is dedicated to entertaining and helping other gamers."
"graystillplays","3","graystillplays, Graystilplays, Grey still plays","youtube_account","I make bad choices in games and cause pixel people to become sad.

All brand and sponsorship opportunities: graystillplays@gmail.com
Manager Paragon Hex: paragonhex.business@gmail.com
---------------------------------------------------------------------------------------------------------------
Channel art by: http://themoski.tumblr.com/
TJFX22"
"hopescope","3","hopescope, Hopescope, Horoscope.","youtube_account","Reviews, Reactions and Rants! HopeScope's Secret Second Channel ü§´ 

BUSINESS INQUIRIES ONLY: Email tyler@hopescope.com or DM Tyler on LinkedIn https://www.linkedin.com/in/tyler-allen-hopescope/
"
"ikweetdenaamniet","3","ik weet de naam niet","youtube_account","N/A"
"jarnoopmeer","3","Jarno opmeer, Jarno Opmeer","youtube_account","Jarnoopmeerbusiness@gmail.com"
"jevader","3","je vader, Je vader, jevader","youtube_account","N/A"
"jeremyfrieser","3","jeremy frieser, jeremyfrieser","youtube_account","Gewoon dingen die ik leuk vind

"
"jmancurly","3","jmancurly, Jmancurly","youtube_account","hi, i'm julian and making videos is the only thing i can focus on.
"
"joelbeukers","3","joel beukers","youtube_account","Welkom op het leukste fitness platform van Nederland & Belgi√´ speciaal voor vrouwen! 
Op fitnessmeiden.nl vind je actuele blogs over fitness, gezonde voeding en de laatste trends op gebied van fitness fashion. Het is onze missie om alle meiden van Nederland en Belgi√´ bij elkaar te brengen, zodat we al onze kennis over fitness, voeding & lifestyle met elkaar kunnen delen.

Have fun watching!

x Fitness Meiden"
"juliaheetman","3","julia heetman, Julia heetman","youtube_account","Unknown"
"justkass","3","justkass, Justkass","youtube_account","I'm The girl with A MiLLiON SiBLiNGS + OBSESSED WITH MAKEUP & SKINCARE
‚ô• If you are a company interested in working with me feel free to email me at: collaborations@justkass.com
"
"kingalmightyyy","3","kingalmightyyy, Kingalmightyyy, KingAlmightyyy, kingalmightyy, kingalmithyyy","youtube_account","KingAlmightyyyFamily ü§¥üèªüíô!

"
"kittadiy","3","kitta diy, Kitta diy., kittadiy, Kitty Diy","youtube_account","Welkom op mijn LIVE-kanaal! Hier kan je me live zien tekenen of gamen. Kom gezellig langs in de chat! 
"
"ksi","3","ksi, KSI, Goi, kai","youtube_account","For any inquiries contact Mams Taylor ‚Äì Mams@properloud.com

Thick Of It coming soon üëÄ  https://lnk.to/KSI-thickofit
"
"lanadelrey","3","lana del rey, Lana del rey","youtube_account","Sign up for exclusive LdR content and first news direct from Lana on new music , live , merch and more - https://sparklejumpropequeen.t.os.fan/sparklejumpropequeen/exclusiveaccess"