theme,creator,channel_id,engagement_score,video_count,total_comment_count,sample_topics,sample_videos
gambling,Flamingo,UCm-X6o81nRsXQTmqpyArkBQ,21.40211,7,36099,"[[""Gambling""], [""Gambling in Games""], [""Gambling References""], [""Gambling in Roblox""], [""Gambling in Roblox Games""]]","[{""comment_count"": 6550, ""engagement_score"": 7.32354, ""title"": ""ROBLOX IS SCREWED"", ""url"": ""https://www.youtube.com/watch?v=EfS1nhIWWbw"", ""video_id"": ""EfS1nhIWWbw""}, {""comment_count"": 6773, ""engagement_score"": 0.8134, ""title"": ""Roblox BACK THEN to NOW is HORRIBLE"", ""url"": ""https://www.youtube.com/watch?v=im_s0dAtOOU"", ""video_id"": ""im_s0dAtOOU""}, {""comment_count"": 3843, ""engagement_score"": 0.54383, ""title"": ""ROBLOX SILLY SIMON SAYS"", ""url"": ""https://www.youtube.com/watch?v=_EgIkWERxaQ"", ""video_id"": ""_EgIkWERxaQ""}, {""comment_count"": 3086, ""engagement_score"": 0.19467, ""title"": ""ROBLOX ADS ARE SLANDERING ME"", ""url"": ""https://www.youtube.com/watch?v=hcjhTS24Zvk"", ""video_id"": ""hcjhTS24Zvk""}, {""comment_count"": 3932, ""engagement_score"": 6.54116, ""title"": ""The Dark Truth Behind Roblox&#39;s Biggest Game..."", ""url"": ""https://www.youtube.com/watch?v=9Wf07YQ5K84"", ""video_id"": ""9Wf07YQ5K84""}, {""comment_count"": 6101, ""engagement_score"": 5.58193, ""title"": ""ROBLOX PET SIMULATOR 999999999"", ""url"": ""https://www.youtube.com/watch?v=AwB-Lm0rACo"", ""video_id"": ""AwB-Lm0rACo""}, {""comment_count"": 5814, ""engagement_score"": 0.40358, ""title"": ""I tried Roblox 17+ games….."", ""url"": ""https://www.youtube.com/watch?v=0TK-x7CXPEs"", ""video_id"": ""0TK-x7CXPEs""}]"
gambling,TGG,UC72PuhDwKtZ5MikpGNhPAtA,7.04506,6,8278,"[[""Gambling Addiction/Behavior"", ""Roulette""], [""Gambling and Casino Glitches""], [""Casino Wheel and Gambling""], [""Gambling Addiction and Concerns""], [""Casino and Gambling Restrictions""]]","[{""comment_count"": 1683, ""engagement_score"": 0.51239, ""title"": ""I Spent $10,000,000 at The GTA Casino to See if it&#39;s RIGGED..."", ""url"": ""https://www.youtube.com/watch?v=2SlCO7SwVqw"", ""video_id"": ""2SlCO7SwVqw""}, {""comment_count"": 1522, ""engagement_score"": 0.92014, ""title"": ""Ranking EVERY Business in GTA Online"", ""url"": ""https://www.youtube.com/watch?v=FNgFYH02Wv8"", ""video_id"": ""FNgFYH02Wv8""}, {""comment_count"": 1779, ""engagement_score"": 2.00688, ""title"": ""50 Ways You Are Playing GTA Online WRONG..."", ""url"": ""https://www.youtube.com/watch?v=F2YeNYQMkOs"", ""video_id"": ""F2YeNYQMkOs""}, {""comment_count"": 404, ""engagement_score"": 0.22834, ""title"": ""How Long Does it Take to Make $1,000,000 in GTA 5 Online?"", ""url"": ""https://www.youtube.com/watch?v=EYLjhUQc_9U"", ""video_id"": ""EYLjhUQc_9U""}, {""comment_count"": 2139, ""engagement_score"": 1.33379, ""title"": ""93 Minutes of GTA Online Information Only Veterans Know"", ""url"": ""https://www.youtube.com/watch?v=eFeTh_Qi64w"", ""video_id"": ""eFeTh_Qi64w""}, {""comment_count"": 751, ""engagement_score"": 2.04352, ""title"": ""10 GTA 5 Online Facts You Should Know Pt. 3"", ""url"": ""https://www.youtube.com/watch?v=AYxKUvT-yO0"", ""video_id"": ""AYxKUvT-yO0""}]"
gambling,BOOS,UCc0kHafEIzm6PiqyrsC5lyg,6.45929,2,2625,"[[""Gambling Addiction"", ""Gambling Advertising""], [""Addiction (Gambling/Drinking)""]]","[{""comment_count"": 1923, ""engagement_score"": 5.9456, ""title"": ""Hoe de goklobby jouw leven kan verwoesten | BOOS S10E08"", ""url"": ""https://www.youtube.com/watch?v=VT-PiNp15OE"", ""video_id"": ""VT-PiNp15OE""}, {""comment_count"": 702, ""engagement_score"": 0.51369, ""title"": ""SWERVE WORK: EIGENAAR BRENGT KWETSBARE ZZP’ERS IN ZWARE FINANCIËLE PROBLEMEN | BOOS S08E18"", ""url"": ""https://www.youtube.com/watch?v=qWDm9dnL8m0"", ""video_id"": ""qWDm9dnL8m0""}]"
gambling,JordyStorm,UCxmFU73cNUBMdmAcFtusHMg,3.20053,4,215,"[[""Casino Gambling"", ""Responsible Gambling""], [""Casino/Gambling""], [""Gambling / Casino games""], [""Gambling Advice""]]","[{""comment_count"": 59, ""engagement_score"": 0.98456, ""title"": ""€3000 CASINO LIVESTREAM!😈 18+"", ""url"": ""https://www.youtube.com/watch?v=jJ2aTuCudkg"", ""video_id"": ""jJ2aTuCudkg""}, {""comment_count"": 15, ""engagement_score"": 0.32337, ""title"": ""FORTNITE ARENA onderweg naar 30.000 PUNTEN!"", ""url"": ""https://www.youtube.com/watch?v=DGWWRFTfMMA"", ""video_id"": ""DGWWRFTfMMA""}, {""comment_count"": 129, ""engagement_score"": 1.53989, ""title"": ""Kan Je Van €300 Naar €1000 gaan met MONOPOLY? **BIZAR DIT!!**"", ""url"": ""https://www.youtube.com/watch?v=VTLeZBRrNek"", ""video_id"": ""VTLeZBRrNek""}, {""comment_count"": 12, ""engagement_score"": 0.35271, ""title"": ""SOLO CASHCUP ROUND 1 | Fortnite (Nederlands)"", ""url"": ""https://www.youtube.com/watch?v=sgwpxK2RamE"", ""video_id"": ""sgwpxK2RamE""}]"
gambling,Tuonto,UCqdeBveU7H4K3EyaYvd7mnA,2.5033,2,3666,"[[""Gambling Addiction""], [""Gacha Games and Gambling""]]","[{""comment_count"": 2757, ""engagement_score"": 0.78673, ""title"": ""WORLD RECORD C6 WRIOTHESLEY  #tuonto #genshinimpact #原神"", ""url"": ""https://www.youtube.com/watch?v=Eflz2GKYspM"", ""video_id"": ""Eflz2GKYspM""}, {""comment_count"": 909, ""engagement_score"": 1.71657, ""title"": ""GOING TO JAPAN FOR THE FIRST TIME"", ""url"": ""https://www.youtube.com/watch?v=ynjU4PzMizI"", ""video_id"": ""ynjU4PzMizI""}]"
gambling,Socksfor3,UCXzNUzXm8LVwh7IfBmhIb6A,2.33118,1,2137,"[[""Gambling and Spending Money In-Game""]]","[{""comment_count"": 2137, ""engagement_score"": 2.33118, ""title"": ""Spending $9,438,592 for the STRONGEST SOLDIER in Roblox"", ""url"": ""https://www.youtube.com/watch?v=9q9etXNu04A"", ""video_id"": ""9q9etXNu04A""}]"
gambling,CelinaSpookyBoo,UCa5pkw8fsvR4bPzEAkN8S5g,1.98102,1,855,"[[""Gambling Addiction and Warnings""]]","[{""comment_count"": 855, ""engagement_score"": 1.98102, ""title"": ""I CANT BELIEVE THIS"", ""url"": ""https://www.youtube.com/watch?v=zNhJBdACb6o"", ""video_id"": ""zNhJBdACb6o""}]"
gambling,Sven&Koen,UCwHMt4GxNd9jv8JYNqxqkFg,1.56254,3,189,"[[""Casino and Gambling""], [""Gambling addiction and criticism""], [""Skill Games""]]","[{""comment_count"": 19, ""engagement_score"": 0.2459, ""title"": ""🔴 LIVE: Tijd voor een maandag Feestje &amp; Game"", ""url"": ""https://www.youtube.com/watch?v=1iw_mH0L3aM"", ""video_id"": ""1iw_mH0L3aM""}, {""comment_count"": 90, ""engagement_score"": 0.62194, ""title"": ""Sven En Koen Kopen Voor €500 Aan Munten Op De Kermis"", ""url"": ""https://www.youtube.com/watch?v=4sWMLeQlVuc"", ""video_id"": ""4sWMLeQlVuc""}, {""comment_count"": 80, ""engagement_score"": 0.69469, ""title"": ""Wij Winnen Non Stop *Kermis Jackpot*"", ""url"": ""https://www.youtube.com/watch?v=gWbRUudt2lM"", ""video_id"": ""gWbRUudt2lM""}]"
gambling,AuzioMF,UCXWfmXteFx5KLLBnxV0fq7A,1.54943,5,677,"[[""Spending Money & Gambling""], [""Gambling and FC Points""], [""Addictive behavior and gambling""], [""Accusations of Gambling/Promotion""], [""Game Criticism (Gambling/Casino)""]]","[{""comment_count"": 114, ""engagement_score"": 0.34699, ""title"": ""25x 500K TOTS ELITE PACKS! 👀 FIFA 23 Ultimate Team"", ""url"": ""https://www.youtube.com/watch?v=9_5JrJTFXpc"", ""video_id"": ""9_5JrJTFXpc""}, {""comment_count"": 164, ""engagement_score"": 0.54651, ""title"": ""30x 500K 83+ x70 &amp; 85+ x2 PACKS! 🤩 FC 24 Ultimate Team"", ""url"": ""https://www.youtube.com/watch?v=d6g34DRmpog"", ""video_id"": ""d6g34DRmpog""}, {""comment_count"": 207, ""engagement_score"": 0.20322, ""title"": ""30x 500K FUT BIRTHDAY WISHES PACKS! 😨 FIFA 23 Ultimate Team"", ""url"": ""https://www.youtube.com/watch?v=5MhSnRYDWLE"", ""video_id"": ""5MhSnRYDWLE""}, {""comment_count"": 142, ""engagement_score"": 0.18708, ""title"": ""25x 333K ELITE TRIPLE THREAT PACKS! 😳 FC 24 Ultimate Team"", ""url"": ""https://www.youtube.com/watch?v=iUHnYCFy4dQ"", ""video_id"": ""iUHnYCFy4dQ""}, {""comment_count"": 50, ""engagement_score"": 0.26562, ""title"": ""3 ICONS IN 1 PACK! 😱 #shorts"", ""url"": ""https://www.youtube.com/watch?v=HvTPjw0ttTU"", ""video_id"": ""HvTPjw0ttTU""}]"
gambling,Slotta,UCj1gY6Dm8VpEz9NKCCecF9Q,1.43424,2,277,"[[""Gambling and Betting""], [""Gambling/Money Loss""]]","[{""comment_count"": 106, ""engagement_score"": 1.2651, ""title"": ""Carlos Bepaalt Mijn Dag Met €1000,-"", ""url"": ""https://www.youtube.com/watch?v=9yLprg-qSHE"", ""video_id"": ""9yLprg-qSHE""}, {""comment_count"": 171, ""engagement_score"": 0.16913, ""title"": ""$20 vs $2000 HOTEL In LAS VEGAS!"", ""url"": ""https://www.youtube.com/watch?v=icxVn-x6x4k"", ""video_id"": ""icxVn-x6x4k""}]"
mental health,Kallmekris,UCiciOsypkXcqSFqSPd-NRVA,61.25287,35,352046,"[[""Mental Health / Mental Illness""], [""Mental Health and Depression""], [""Mental Health and Positivity""], [""Mental Health and Support""], [""Mental Health and Comfort""]]","[{""comment_count"": 10527, ""engagement_score"": 2.48275, ""title"": ""My FYP EXPOSES ME"", ""url"": ""https://www.youtube.com/watch?v=jDXNl0V66yc"", ""video_id"": ""jDXNl0V66yc""}, {""comment_count"": 6955, ""engagement_score"": 1.92615, ""title"": ""Extremely DARK Humor TikTok’s"", ""url"": ""https://www.youtube.com/watch?v=S6pTnhd3uf4"", ""video_id"": ""S6pTnhd3uf4""}, {""comment_count"": 9480, ""engagement_score"": 4.40809, ""title"": ""Find The Straight Person"", ""url"": ""https://www.youtube.com/watch?v=r_U7XRoA8uw"", ""video_id"": ""r_U7XRoA8uw""}, {""comment_count"": 7408, ""engagement_score"": 0.64341, ""title"": ""The Most DISTURBING Animations On YouTube"", ""url"": ""https://www.youtube.com/watch?v=gabGUOyEBdk"", ""video_id"": ""gabGUOyEBdk""}, {""comment_count"": 11242, ""engagement_score"": 0.22451, ""title"": ""Is 5 Minute Crafts A FETISH Channel??"", ""url"": ""https://www.youtube.com/watch?v=fL0pcQ-2URA"", ""video_id"": ""fL0pcQ-2URA""}, {""comment_count"": 21458, ""engagement_score"": 0.48012, ""title"": ""I DM&#39;D 100 Celebrities And Got REPLIES!"", ""url"": ""https://www.youtube.com/watch?v=NT-JdF-uyPc"", ""video_id"": ""NT-JdF-uyPc""}, {""comment_count"": 7559, ""engagement_score"": 0.49841, ""title"": ""Sam &amp; Colby | You&#39;ve Got Company w/ Kris Collins Ep 1"", ""url"": ""https://www.youtube.com/watch?v=JWTVwmGpll0"", ""video_id"": ""JWTVwmGpll0""}, {""comment_count"": 6897, ""engagement_score"": 7.0468, ""title"": ""TikTok&#39;s That Make Me AUDIBLY GASP"", ""url"": ""https://www.youtube.com/watch?v=wbVybp26poM"", ""video_id"": ""wbVybp26poM""}]"
mental health,CelinaSpookyBoo,UCa5pkw8fsvR4bPzEAkN8S5g,21.68463,22,31236,"[[""Mental Health Positivity""], [""Mental Health and Positivity""], [""Mental Health Support""], [""Mental Health & Positivity""], [""Health issues and mental health""]]","[{""comment_count"": 936, ""engagement_score"": 0.22084, ""title"": ""INSANE MAKEUP TRANSFORMATIONS"", ""url"": ""https://www.youtube.com/watch?v=y834BBu_PGg"", ""video_id"": ""y834BBu_PGg""}, {""comment_count"": 810, ""engagement_score"": 0.69875, ""title"": ""TRY NOT TO CRINGE 😬"", ""url"": ""https://www.youtube.com/watch?v=YHTmrX--BN8"", ""video_id"": ""YHTmrX--BN8""}, {""comment_count"": 487, ""engagement_score"": 0.34717, ""title"": ""THE BEST OF CELINASPOOKYBOO 2023"", ""url"": ""https://www.youtube.com/watch?v=KhJffyeMYLU"", ""video_id"": ""KhJffyeMYLU""}, {""comment_count"": 1462, ""engagement_score"": 0.34792, ""title"": ""ITS SPOOKY SEASON BABY !"", ""url"": ""https://www.youtube.com/watch?v=4j5Z-CkQ6kU"", ""video_id"": ""4j5Z-CkQ6kU""}, {""comment_count"": 2247, ""engagement_score"": 0.12276, ""title"": ""THESE PHOBIAS ARE WILD!"", ""url"": ""https://www.youtube.com/watch?v=2ZfTMx0Ew0I"", ""video_id"": ""2ZfTMx0Ew0I""}, {""comment_count"": 1186, ""engagement_score"": 0.8427, ""title"": ""BAD LIP READING - BEST OF TWILIGHT"", ""url"": ""https://www.youtube.com/watch?v=JWa0eBW-nFY"", ""video_id"": ""JWa0eBW-nFY""}, {""comment_count"": 189, ""engagement_score"": 0.28977, ""title"": ""BLOOPERS you shouldn’t watch!"", ""url"": ""https://www.youtube.com/watch?v=S3pId_ioYgs"", ""video_id"": ""S3pId_ioYgs""}, {""comment_count"": 614, ""engagement_score"": 0.60592, ""title"": ""WEIRD 5 MINUTE CRAFTS"", ""url"": ""https://www.youtube.com/watch?v=S0mOYM_DWaA"", ""video_id"": ""S0mOYM_DWaA""}]"
mental health,Sam Sulek,UCAuk798iHprjTtwlClkFxMA,19.56837,19,25196,"[[""Mental Health and Positivity""], [""Mindset and Mental Health""], [""Mental Health and Relaxation""], [""Mental Health & Support""], [""Motivation and mental health""]]","[{""comment_count"": 851, ""engagement_score"": 0.05415, ""title"": ""Spring Bulk Day 125 - Chest"", ""url"": ""https://www.youtube.com/watch?v=fIPdL6XJnrg"", ""video_id"": ""fIPdL6XJnrg""}, {""comment_count"": 347, ""engagement_score"": 0.13898, ""title"": ""Spring Bulk Day 78 - Arms"", ""url"": ""https://www.youtube.com/watch?v=cU0wJtXVC70"", ""video_id"": ""cU0wJtXVC70""}, {""comment_count"": 4242, ""engagement_score"": 0.26421, ""title"": ""Fall Cut Day 25 - Arms and Grocery Trip 230.2 Lbs"", ""url"": ""https://www.youtube.com/watch?v=XXqutzd3zxg"", ""video_id"": ""XXqutzd3zxg""}, {""comment_count"": 1322, ""engagement_score"": 1.24825, ""title"": ""Fall Cut Day 22 - Legs 232.2 Lbs"", ""url"": ""https://www.youtube.com/watch?v=S4JwQNnPLPc"", ""video_id"": ""S4JwQNnPLPc""}, {""comment_count"": 423, ""engagement_score"": 0.61971, ""title"": ""Spring Bulk Day 94 - Back"", ""url"": ""https://www.youtube.com/watch?v=5SRveKUACXw"", ""video_id"": ""5SRveKUACXw""}, {""comment_count"": 964, ""engagement_score"": 4.76936, ""title"": ""Winter Bulk Day 63 -  Legs"", ""url"": ""https://www.youtube.com/watch?v=P46aoy4haD4"", ""video_id"": ""P46aoy4haD4""}, {""comment_count"": 918, ""engagement_score"": 0.47781, ""title"": ""Spring Bulk Day 211 - Chest and Shoulders"", ""url"": ""https://www.youtube.com/watch?v=n3nVkFO_fbc"", ""video_id"": ""n3nVkFO_fbc""}, {""comment_count"": 1717, ""engagement_score"": 1.21678, ""title"": ""Fall Cut Day 56 - Back and Rear Delts"", ""url"": ""https://www.youtube.com/watch?v=d0rJoorezX0"", ""video_id"": ""d0rJoorezX0""}]"
mental health,Dhar Mann Studios,UC_hK9fOxyy_TM8FJGXIyG8Q,13.23415,6,34411,"[[""Mental Health Issues""], [""Mental Health and Depression""], [""Mental Health and Addiction""], [""Mental Health and Suicide""], [""Suicide and Mental Health""]]","[{""comment_count"": 4845, ""engagement_score"": 2.92887, ""title"": ""STEPMOM MISTREATS Husband&#39;s Son, What Happens Next Is Shocking | Dhar Mann"", ""url"": ""https://www.youtube.com/watch?v=6pmlPTYQ70M"", ""video_id"": ""6pmlPTYQ70M""}, {""comment_count"": 11764, ""engagement_score"": 4.91165, ""title"": ""MEAN Girls BULLY EMO Girl For Her Looks | Dhar Mann Studios"", ""url"": ""https://www.youtube.com/watch?v=KVdg3vtGSpU"", ""video_id"": ""KVdg3vtGSpU""}, {""comment_count"": 1254, ""engagement_score"": 0.28162, ""title"": ""MILLIONAIRE Lives LIKE A BEGGAR, What Happens Next Is Shocking | Dhar Mann Studios"", ""url"": ""https://www.youtube.com/watch?v=20NpUiJfRaY"", ""video_id"": ""20NpUiJfRaY""}, {""comment_count"": 5009, ""engagement_score"": 1.13901, ""title"": ""Mom Finds Out Her TEENAGER Is INSIDE GANG, What Happens Next Is Shocking | Dhar Mann Studios"", ""url"": ""https://www.youtube.com/watch?v=Cbq_9ad7u64"", ""video_id"": ""Cbq_9ad7u64""}, {""comment_count"": 3556, ""engagement_score"": 3.13723, ""title"": ""MOM LEAVES Newborn ON THE DOORSTEP | Dhar Mann"", ""url"": ""https://www.youtube.com/watch?v=mWGZ3oNpgo8"", ""video_id"": ""mWGZ3oNpgo8""}, {""comment_count"": 7983, ""engagement_score"": 0.83576, ""title"": ""GENIUS KID Fights MEAN KID Inside SCHOOL, What Happens Next Is Shocking | Dhar Mann"", ""url"": ""https://www.youtube.com/watch?v=pNxsHRK_nRo"", ""video_id"": ""pNxsHRK_nRo""}]"
mental health,daiz,UCezoc3VgoN8yPJENDFElzOw,12.30904,8,5428,"[[""Mental Health""], [""Mental health and comfort""], [""Mental Health and Comfort""], [""Mental Health and Self-care""], [""Mental Health and Therapy""]]","[{""comment_count"": 737, ""engagement_score"": 4.38259, ""title"": ""PRODUCTIVE 2:00am School night routine🎱+ Mental Health talk ⋆౨ৎ˚⟡˖ ࣪"", ""url"": ""https://www.youtube.com/watch?v=LoIFpARxcAw"", ""video_id"": ""LoIFpARxcAw""}, {""comment_count"": 673, ""engagement_score"": 0.15798, ""title"": ""2023 Pinterest Girl GLOW UP &amp; RESET📞 new room decor, vision board, deep cleaning etc"", ""url"": ""https://www.youtube.com/watch?v=bqzboxJUHJ4"", ""video_id"": ""bqzboxJUHJ4""}, {""comment_count"": 384, ""engagement_score"": 1.41775, ""title"": ""Self-care vlog for 2024 ౨ৎ🍥:Japanese hair care routine, Nails, Korean skincare etc."", ""url"": ""https://www.youtube.com/watch?v=cUb3veNSvn4"", ""video_id"": ""cUb3veNSvn4""}, {""comment_count"": 1030, ""engagement_score"": 0.21979, ""title"": ""First day of uni vlog📓: Busy campus days, getting my life together, friends etc."", ""url"": ""https://www.youtube.com/watch?v=5zk-Blg-_F4"", ""video_id"": ""5zk-Blg-_F4""}, {""comment_count"": 731, ""engagement_score"": 1.0339, ""title"": ""PINTEREST SCHOOL GIRL 101📓🖇️: Preparing for back to school (Glowing up in Korea)"", ""url"": ""https://www.youtube.com/watch?v=HNB0FQXAZ78"", ""video_id"": ""HNB0FQXAZ78""}, {""comment_count"": 762, ""engagement_score"": 2.18478, ""title"": ""Summer DIET Vlog pt.2🍞: what I’ve been eating"", ""url"": ""https://www.youtube.com/watch?v=Zy-24vig2_E"", ""video_id"": ""Zy-24vig2_E""}, {""comment_count"": 593, ""engagement_score"": 2.47662, ""title"": ""The “PRETTY GIRL” makeup📂: Pinterest Clean Girl +Hair for School(chitchat grwm)"", ""url"": ""https://www.youtube.com/watch?v=ViOwJmOUPp8"", ""video_id"": ""ViOwJmOUPp8""}, {""comment_count"": 518, ""engagement_score"": 0.43563, ""title"": ""PINTEREST-SCHOOL GIRL📃🖇️: Busy campus days, Cute winter outfits, exam week, etc."", ""url"": ""https://www.youtube.com/watch?v=DjAtgKl-gLo"", ""video_id"": ""DjAtgKl-gLo""}]"
mental health,Sturniolo Triplets,UCfA5CSlYGseqSeOhsiiZTfw,10.8329,10,27991,"[[""Mental Health and Wellbeing""], [""Mental Health and Emotions""], [""Mental Health Support""], [""Mental Health and Support""], [""Mental Health Impact""]]","[{""comment_count"": 2380, ""engagement_score"": 0.37772, ""title"": ""same interviews every year (year 2)"", ""url"": ""https://www.youtube.com/watch?v=-wf1BijPpG8"", ""video_id"": ""-wf1BijPpG8""}, {""comment_count"": 1535, ""engagement_score"": 0.52971, ""title"": ""Dealing with our emotions in a healthy way"", ""url"": ""https://www.youtube.com/watch?v=tAI4W7N_kfU"", ""video_id"": ""tAI4W7N_kfU""}, {""comment_count"": 267, ""engagement_score"": 0.22425, ""title"": ""clip from &quot;TRY NOT TO LAUGH CHALLENGE (part 1)&quot; #shorts"", ""url"": ""https://www.youtube.com/watch?v=SneLF1SBmnU"", ""video_id"": ""SneLF1SBmnU""}, {""comment_count"": 4539, ""engagement_score"": 4.56574, ""title"": ""Reacting to YOUR Christmas confessions *things get awkward*"", ""url"": ""https://www.youtube.com/watch?v=gcQ9Xwf3u40"", ""video_id"": ""gcQ9Xwf3u40""}, {""comment_count"": 4625, ""engagement_score"": 0.20168, ""title"": ""COME EAT WITH US PART 3"", ""url"": ""https://www.youtube.com/watch?v=SQmKv8GlTEU"", ""video_id"": ""SQmKv8GlTEU""}, {""comment_count"": 1432, ""engagement_score"": 0.92365, ""title"": ""Let&#39;s Trip Tour continued !!!!"", ""url"": ""https://www.youtube.com/watch?v=MufZT9ID7nY"", ""video_id"": ""MufZT9ID7nY""}, {""comment_count"": 2779, ""engagement_score"": 0.25196, ""title"": ""Q&amp;A Part 5"", ""url"": ""https://www.youtube.com/watch?v=1O-mhBHv1rE"", ""video_id"": ""1O-mhBHv1rE""}, {""comment_count"": 5011, ""engagement_score"": 0.27062, ""title"": ""THE WEIRDEST SCHOOL EXPERIENCE"", ""url"": ""https://www.youtube.com/watch?v=oeclFtepilw"", ""video_id"": ""oeclFtepilw""}]"
mental health,OnneDi,UC4I8WYQtX-h7J5u0xz5tLLA,9.80542,8,1570,"[[""Psychology and Mental Health""], [""Mental Health / Psychosis""], [""Mental Health and Psychosis""], [""Mental Health Effects""], [""Psychosis and Mental Health""]]","[{""comment_count"": 178, ""engagement_score"": 1.55091, ""title"": ""Paris Bennett: 13-jarige Psychopaat | MISDAAD &amp; MYSTERIE"", ""url"": ""https://www.youtube.com/watch?v=xiby7czgnKE"", ""video_id"": ""xiby7czgnKE""}, {""comment_count"": 296, ""engagement_score"": 1.87944, ""title"": ""ELISA LAM: Mysterieuze verdwijning in het Cecil Hotel DEEL 1 | MISDAAD &amp; MYSTERIE"", ""url"": ""https://www.youtube.com/watch?v=uNhRxfXz0bI"", ""video_id"": ""uNhRxfXz0bI""}, {""comment_count"": 162, ""engagement_score"": 0.51857, ""title"": ""De verdwijning van Dokter Teleka Patrick | MISDAAD &amp; MYSTERIE"", ""url"": ""https://www.youtube.com/watch?v=DbTKiiZf9po"", ""video_id"": ""DbTKiiZf9po""}, {""comment_count"": 159, ""engagement_score"": 0.19751, ""title"": ""Tatiane Spitzner: Laatste momenten van haar leven in beeld | MISDAAD &amp; MYSTERIE"", ""url"": ""https://www.youtube.com/watch?v=P3eAJOyqJ_I"", ""video_id"": ""P3eAJOyqJ_I""}, {""comment_count"": 264, ""engagement_score"": 1.5485, ""title"": ""De mysterieuze VERDWIJNING van Lars Mittank | MISDAAD &amp; MYSTERIE"", ""url"": ""https://www.youtube.com/watch?v=1j7tyLz4Kjs"", ""video_id"": ""1j7tyLz4Kjs""}, {""comment_count"": 46, ""engagement_score"": 0.26685, ""title"": ""Don’t you want a balloon Georgie? 🎈🤡"", ""url"": ""https://www.youtube.com/watch?v=IeS4jgg9b80"", ""video_id"": ""IeS4jgg9b80""}, {""comment_count"": 247, ""engagement_score"": 3.18203, ""title"": ""TikTok Sensatie en Moordenaar: Isabella Guzman | MISDAAD &amp; MYSTERIE"", ""url"": ""https://www.youtube.com/watch?v=90P1O1-_EjM"", ""video_id"": ""90P1O1-_EjM""}, {""comment_count"": 218, ""engagement_score"": 0.66161, ""title"": ""ELISA LAM: De oorzaak van haar Mysterieuze Dood DEEL 2 | MISDAAD &amp; MYSTERIE"", ""url"": ""https://www.youtube.com/watch?v=txuS6UsqP_I"", ""video_id"": ""txuS6UsqP_I""}]"
mental health,101Barz,UC0fXtHnZH6Gtl5AEmEGyBTA,9.76824,5,1188,"[[""Mental Health""], [""Mental Health Struggles""], [""Mental Health and Psychosis""]]","[{""comment_count"": 24, ""engagement_score"": 0.32204, ""title"": ""MOCROMANIAC over zijn band met ROTJOCH"", ""url"": ""https://www.youtube.com/watch?v=7wItNd5r2T8"", ""video_id"": ""7wItNd5r2T8""}, {""comment_count"": 58, ""engagement_score"": 0.66755, ""title"": ""🆕 SEFFELINIE is BACK!"", ""url"": ""https://www.youtube.com/watch?v=KjO2BjnacWs"", ""video_id"": ""KjO2BjnacWs""}, {""comment_count"": 58, ""engagement_score"": 0.73739, ""title"": ""💿 SEFFELINIE over zijn EIGEN favoriete TRACK"", ""url"": ""https://www.youtube.com/watch?v=dMjnJ82U6lE"", ""video_id"": ""dMjnJ82U6lE""}, {""comment_count"": 614, ""engagement_score"": 3.2818, ""title"": ""Seffelinie | Studiosessie 435 | 101Barz"", ""url"": ""https://www.youtube.com/watch?v=fCEYOjpJhKk"", ""video_id"": ""fCEYOjpJhKk""}, {""comment_count"": 434, ""engagement_score"": 4.75945, ""title"": ""Seffelinie: &quot;Door het vallen en opstaan ben ik echter geworden&quot; | Portret | 101Barz"", ""url"": ""https://www.youtube.com/watch?v=WyA_uGRXj5c"", ""video_id"": ""WyA_uGRXj5c""}]"
mental health,Stray Kids,UC9rMiEjNaCSsebs31MRDCRA,9.69785,7,14393,"[[""Mental Health and Support""], [""Mental Health & Comfort""], [""Mental Health and Comfort""], [""Mental Health and Appreciation""], [""Comfort and Mental Health""]]","[{""comment_count"": 1669, ""engagement_score"": 1.83423, ""title"": ""찬이의 “방” 🐺 Ep. 205"", ""url"": ""https://www.youtube.com/watch?v=iIBhS-5NCrc"", ""video_id"": ""iIBhS-5NCrc""}, {""comment_count"": 1665, ""engagement_score"": 0.53103, ""title"": ""찬이의 “방” 🐺 Ep. 196"", ""url"": ""https://www.youtube.com/watch?v=XfdGJyD7bc8"", ""video_id"": ""XfdGJyD7bc8""}, {""comment_count"": 726, ""engagement_score"": 0.36635, ""title"": ""럿디"", ""url"": ""https://www.youtube.com/watch?v=_pT9YZ2tB2k"", ""video_id"": ""_pT9YZ2tB2k""}, {""comment_count"": 2666, ""engagement_score"": 0.43712, ""title"": ""혀니비니"", ""url"": ""https://www.youtube.com/watch?v=R287yO5lt_k"", ""video_id"": ""R287yO5lt_k""}, {""comment_count"": 2166, ""engagement_score"": 2.8622, ""title"": ""찬이의 “방” 🐺 Ep. 191"", ""url"": ""https://www.youtube.com/watch?v=keXfW7DL-Gc"", ""video_id"": ""keXfW7DL-Gc""}, {""comment_count"": 3366, ""engagement_score"": 2.11402, ""title"": ""스키즈 특) 스테이 보고 싶어서 옴!"", ""url"": ""https://www.youtube.com/watch?v=KTUinQ6NmoI"", ""video_id"": ""KTUinQ6NmoI""}, {""comment_count"": 2135, ""engagement_score"": 1.5529, ""title"": ""리노리방😺9"", ""url"": ""https://www.youtube.com/watch?v=olsxQCDW5ng"", ""video_id"": ""olsxQCDW5ng""}]"
mental health,Saturday Night Live,UCqFzWxSCi39LnW1JKFR3efg,8.05319,3,14513,"[[""Mental Health and Addiction""], [""Mental Health Stigma""], [""Mental Health References""]]","[{""comment_count"": 7460, ""engagement_score"": 5.98712, ""title"": ""I&#39;m Just Pete - SNL"", ""url"": ""https://www.youtube.com/watch?v=O-UfkZKKGc0"", ""video_id"": ""O-UfkZKKGc0""}, {""comment_count"": 6766, ""engagement_score"": 1.97876, ""title"": ""Protective Mom 2 - SNL"", ""url"": ""https://www.youtube.com/watch?v=qVjQImP8x5s"", ""video_id"": ""qVjQImP8x5s""}, {""comment_count"": 287, ""engagement_score"": 0.08731, ""title"": ""Behind the Sketch: I&#39;m Just Pete - SNL"", ""url"": ""https://www.youtube.com/watch?v=QTei6Uq_Zkw"", ""video_id"": ""QTei6Uq_Zkw""}]"
beauty,Vogue,UCRXiA3h1no_PFkb1JCP0yMA,70.5203,45,34719,"[[""Physical Beauty""], [""Natural Beauty""], [""Beauty and Appearance""], [""Beauty and Fashion""], [""Model Beauty""]]","[{""comment_count"": 70, ""engagement_score"": 1.5656, ""title"": ""The Biggest Moment of Gigi Hadid&#39;s Career"", ""url"": ""https://www.youtube.com/watch?v=nEVY2PXkI7M"", ""video_id"": ""nEVY2PXkI7M""}, {""comment_count"": 364, ""engagement_score"": 2.21617, ""title"": ""Young Lady Danbury Actor Arsema Thomas&#39;s Night-Out Makeup Look | Beauty Secrets | Vogue"", ""url"": ""https://www.youtube.com/watch?v=6zpR_K71n58"", ""video_id"": ""6zpR_K71n58""}, {""comment_count"": 1026, ""engagement_score"": 5.78807, ""title"": ""Model Anok Yai Was Discovered on Instagram"", ""url"": ""https://www.youtube.com/watch?v=QM3zhxZ2EGU"", ""video_id"": ""QM3zhxZ2EGU""}, {""comment_count"": 47, ""engagement_score"": 0.29079, ""title"": ""Irina Shayk, Adut Akech, Vittoria Ceretti &amp; More Model Lingerie on the Dolce &amp; Gabbana Runway"", ""url"": ""https://www.youtube.com/watch?v=9Bo61gPuZM4"", ""video_id"": ""9Bo61gPuZM4""}, {""comment_count"": 1121, ""engagement_score"": 5.8614, ""title"": ""Jennifer Lawrence on Her First Time Feeling Famous"", ""url"": ""https://www.youtube.com/watch?v=xAzsiSYYcw8"", ""video_id"": ""xAzsiSYYcw8""}, {""comment_count"": 26, ""engagement_score"": 0.96097, ""title"": ""Steven Meisel &amp; Arthur Elgort Shaped Christy Turlington&#39;s Early Career"", ""url"": ""https://www.youtube.com/watch?v=P92e-LSk9I0"", ""video_id"": ""P92e-LSk9I0""}, {""comment_count"": 1, ""engagement_score"": 0.17322, ""title"": ""Precious Lee&#39;s Guilty Pleasure"", ""url"": ""https://www.youtube.com/watch?v=wF2sW2nQa1Q"", ""video_id"": ""wF2sW2nQa1Q""}, {""comment_count"": 30, ""engagement_score"": 0.96593, ""title"": ""Ellie Goldstein On What Her Disability Has Taught Her"", ""url"": ""https://www.youtube.com/watch?v=VaPeQr_sTPU"", ""video_id"": ""VaPeQr_sTPU""}]"
beauty,JUSTKASS,UCMCMjTKUqJ1pUzmHnKrmiCA,36.87791,21,39006,"[[""Beauty and Aesthetics""], [""Beauty and Appearance""], [""Appearance and Beauty""], [""Beauty and Confidence""], [""Beauty and Attractiveness""]]","[{""comment_count"": 198, ""engagement_score"": 0.7117, ""title"": ""BEFORE WE MOVE INTO OUR NEW HOUSE… #shorts"", ""url"": ""https://www.youtube.com/watch?v=jNtAxzvnDjU"", ""video_id"": ""jNtAxzvnDjU""}, {""comment_count"": 1427, ""engagement_score"": 1.62231, ""title"": ""Finally GETTING PREGNANT! *our IUI fertility Journey*"", ""url"": ""https://www.youtube.com/watch?v=5FQf6tO6aIE"", ""video_id"": ""5FQf6tO6aIE""}, {""comment_count"": 1612, ""engagement_score"": 1.32812, ""title"": ""I BET YOU DIDNT KNOW WHAT WAS UNDER MY COAT 😂 #shorts"", ""url"": ""https://www.youtube.com/watch?v=PGu3erW_1E4"", ""video_id"": ""PGu3erW_1E4""}, {""comment_count"": 1399, ""engagement_score"": 5.15134, ""title"": ""WE&#39;RE GETTING A BIG SURPRISE… 🫢😳 #shorts"", ""url"": ""https://www.youtube.com/watch?v=Yi79X9YzadI"", ""video_id"": ""Yi79X9YzadI""}, {""comment_count"": 1036, ""engagement_score"": 0.4524, ""title"": ""WOULD YOU WEAR THIS?! 😍🥰🤢 #shorts"", ""url"": ""https://www.youtube.com/watch?v=Jcv6B-CybCE"", ""video_id"": ""Jcv6B-CybCE""}, {""comment_count"": 982, ""engagement_score"": 0.72858, ""title"": ""MEET THE MOM OF 16 KiDS 😲 *shocked* #shorts"", ""url"": ""https://www.youtube.com/watch?v=69SM19iZuYk"", ""video_id"": ""69SM19iZuYk""}, {""comment_count"": 1186, ""engagement_score"": 4.16975, ""title"": ""Morning routine in my DREAM house 😲💙❤️ #shorts"", ""url"": ""https://www.youtube.com/watch?v=wCbTHEpHxsQ"", ""video_id"": ""wCbTHEpHxsQ""}, {""comment_count"": 1314, ""engagement_score"": 1.13496, ""title"": ""Does my sister NAYVEE have a BOYFRIEND? 😲 #shorts"", ""url"": ""https://www.youtube.com/watch?v=5heXo2HuOx4"", ""video_id"": ""5heXo2HuOx4""}]"
beauty,BLACKPINK,UCOmHUn--16B90oW2L6FRR3A,26.85056,13,223578,"[[""Beauty and Cuteness""], [""Beauty & Cuteness""], [""Visual/Beauty""], [""Cuteness and Beauty""], [""Beauty and Visuals""]]","[{""comment_count"": 4714, ""engagement_score"": 1.32239, ""title"": ""BLACKPINK WORLD TOUR [BORN PINK] FINALE IN SEOUL TICKET OPEN D-4"", ""url"": ""https://www.youtube.com/watch?v=pltkqYO05Ms"", ""video_id"": ""pltkqYO05Ms""}, {""comment_count"": 4612, ""engagement_score"": 5.19133, ""title"": ""BLACKPINK WORLD TOUR [BORN PINK] FINALE IN SEOUL TICKET OPEN D-2"", ""url"": ""https://www.youtube.com/watch?v=0bVu--VXpJc"", ""video_id"": ""0bVu--VXpJc""}, {""comment_count"": 6425, ""engagement_score"": 1.0027, ""title"": ""JISOO - &#39;꽃(FLOWER)&#39; M/V HITS 300 MILLION VIEWS"", ""url"": ""https://www.youtube.com/watch?v=Hmo-BJ9VKDk"", ""video_id"": ""Hmo-BJ9VKDk""}, {""comment_count"": 4882, ""engagement_score"": 1.04048, ""title"": ""BLACKPINK WORLD TOUR [BORN PINK] FINALE IN SEOUL TICKET OPEN D-1"", ""url"": ""https://www.youtube.com/watch?v=nvxDmoMcCik"", ""video_id"": ""nvxDmoMcCik""}, {""comment_count"": 124687, ""engagement_score"": 0.95143, ""title"": ""JISOO - ‘꽃(FLOWER)’ M/V TEASER"", ""url"": ""https://www.youtube.com/watch?v=LLWZOF7DiVg"", ""video_id"": ""LLWZOF7DiVg""}, {""comment_count"": 3037, ""engagement_score"": 0.91031, ""title"": ""JISOO - ‘꽃(FLOWER)’ M/V HIGHLIGHT CLIP #2"", ""url"": ""https://www.youtube.com/watch?v=-rzQhaOvol0"", ""video_id"": ""-rzQhaOvol0""}, {""comment_count"": 23018, ""engagement_score"": 1.04157, ""title"": ""#JENNIE 가 왔단다 왔단다🌷 #JISOO_FLOWER #지수꽃 #ME #JISOO #지수 #제니 #BLACKPINK #블랙핑크 #FLOWERchallenge #젠냥이"", ""url"": ""https://www.youtube.com/watch?v=oNTt5oh6yek"", ""video_id"": ""oNTt5oh6yek""}, {""comment_count"": 6806, ""engagement_score"": 2.23337, ""title"": ""JISOO - &#39;꽃(FLOWER)&#39; M/V HITS 400 MILLION VIEWS"", ""url"": ""https://www.youtube.com/watch?v=va6ituuGqQc"", ""video_id"": ""va6ituuGqQc""}]"
beauty,daiz,UCezoc3VgoN8yPJENDFElzOw,15.74002,5,3277,"[[""Beauty and Appearance""], [""Beauty and Fashion""], [""Personal Appearance and Beauty""], [""Beauty and Makeup Products""]]","[{""comment_count"": 593, ""engagement_score"": 5.28093, ""title"": ""The “PRETTY GIRL” makeup📂: Pinterest Clean Girl +Hair for School(chitchat grwm)"", ""url"": ""https://www.youtube.com/watch?v=ViOwJmOUPp8"", ""video_id"": ""ViOwJmOUPp8""}, {""comment_count"": 717, ""engagement_score"": 0.64854, ""title"": ""Productive Vlog🛒: Summer clothing haul, friend hangouts, animethon etc."", ""url"": ""https://www.youtube.com/watch?v=OQDhnGd1XxE"", ""video_id"": ""OQDhnGd1XxE""}, {""comment_count"": 663, ""engagement_score"": 2.47137, ""title"": ""LIFE IN KOREA🚏: Skin treatments+ Laser spa day, hitting 1M, Hongdae nights, what I eat etc."", ""url"": ""https://www.youtube.com/watch?v=mHOUFKJlNSY"", ""video_id"": ""mHOUFKJlNSY""}, {""comment_count"": 590, ""engagement_score"": 3.53949, ""title"": ""PRODUCTIVE Uni Vlog🍓: Adjusting to classes, movie night, lab, birthday shopping etc."", ""url"": ""https://www.youtube.com/watch?v=kCntrBDSrqI"", ""video_id"": ""kCntrBDSrqI""}, {""comment_count"": 714, ""engagement_score"": 3.79969, ""title"": ""Trying to GLOW UP for Summer 2023🍓"", ""url"": ""https://www.youtube.com/watch?v=Cpf-aE9HZns"", ""video_id"": ""Cpf-aE9HZns""}]"
beauty,Dhar Mann Studios,UC_hK9fOxyy_TM8FJGXIyG8Q,12.71674,3,36688,"[[""Physical Appearance/Beauty""], [""Beauty Standards""], [""Beauty and Self-Esteem""]]","[{""comment_count"": 3710, ""engagement_score"": 1.45309, ""title"": ""JEALOUS TEEN Ruins Girl’s PARTY DRESS - Sister Secrets E04 | Dhar Mann Studios"", ""url"": ""https://www.youtube.com/watch?v=lJZ6_7jeNO4"", ""video_id"": ""lJZ6_7jeNO4""}, {""comment_count"": 3136, ""engagement_score"": 3.34755, ""title"": ""Girl Is BODY SHAMED by MEAN GIRLS, What Happens Next Is Shocking | Dhar Mann Studios"", ""url"": ""https://www.youtube.com/watch?v=R-s4pZJBRoY"", ""video_id"": ""R-s4pZJBRoY""}, {""comment_count"": 29842, ""engagement_score"": 7.9161, ""title"": ""Girl WON&#39;T SHOW FACE In SCHOOL, What Happens Next Is Shocking | Dhar Mann Studios"", ""url"": ""https://www.youtube.com/watch?v=jcjmuNQ02vE"", ""video_id"": ""jcjmuNQ02vE""}]"
beauty,Daily Dose Of Internet,UCdC0An4ZPNr_YiFiYoVbwaw,9.93686,4,66951,"[[""Beauty and Confidence""], [""Beauty and Awe""], [""Beauty/Incredible Views""], [""Natural vs. Artificial Beauty""]]","[{""comment_count"": 61845, ""engagement_score"": 5.84131, ""title"": ""She Has 2 Skin Colors"", ""url"": ""https://www.youtube.com/watch?v=A-G5Pgc_too"", ""video_id"": ""A-G5Pgc_too""}, {""comment_count"": 791, ""engagement_score"": 2.16356, ""title"": ""How is this real?"", ""url"": ""https://www.youtube.com/watch?v=j0BX51Z_Bow"", ""video_id"": ""j0BX51Z_Bow""}, {""comment_count"": 1062, ""engagement_score"": 0.16497, ""title"": ""Skiing in Alaska is on Another Level"", ""url"": ""https://www.youtube.com/watch?v=YAoP_s8AoBI"", ""video_id"": ""YAoP_s8AoBI""}, {""comment_count"": 3253, ""engagement_score"": 1.76702, ""title"": ""This Broke His Brain"", ""url"": ""https://www.youtube.com/watch?v=KbE8vOQREQQ"", ""video_id"": ""KbE8vOQREQQ""}]"
beauty,Stray Kids,UC9rMiEjNaCSsebs31MRDCRA,8.79308,3,14265,"[[""Appearance/Beauty""], [""Visuals and Beauty""], [""Natural Beauty vs Makeup""]]","[{""comment_count"": 3944, ""engagement_score"": 0.69709, ""title"": ""#창빈 의 #락챌린지 #LALALALA_Challenge 🤘 w/ #ITZY #CHAERYEONG #채령!👑 #StrayKids #스트레이키즈 #Changbin #樂_STAR"", ""url"": ""https://www.youtube.com/watch?v=tnRrNLYBl8s"", ""video_id"": ""tnRrNLYBl8s""}, {""comment_count"": 5662, ""engagement_score"": 4.64736, ""title"": ""#현진 의 #락챌린지 #LALALALA_Challenge 🤘 w/ #aespa #에스파 #NINGNING #닝닝 !💫 #StrayKids #스트레이키즈 #Hyunjin"", ""url"": ""https://www.youtube.com/watch?v=1YIJ3KT_aFA"", ""video_id"": ""1YIJ3KT_aFA""}, {""comment_count"": 4659, ""engagement_score"": 3.44864, ""title"": ""[Stray Kids : SKZ-TALKER GO! Season 3] Ep.13 MELBOURNE"", ""url"": ""https://www.youtube.com/watch?v=lKRlLN_eBd0"", ""video_id"": ""lKRlLN_eBd0""}]"
beauty,Billie Eilish,UCiGm_E4ZwYSHV3bcW1pnSeQ,7.18891,2,1596,"[[""Appearance and Beauty""], [""Physical Appearance and Beauty""]]","[{""comment_count"": 791, ""engagement_score"": 3.38128, ""title"": ""Watch Billie’s performance of “when the party’s over” with boygenius now."", ""url"": ""https://www.youtube.com/watch?v=NeaicCUJ_bI"", ""video_id"": ""NeaicCUJ_bI""}, {""comment_count"": 805, ""engagement_score"": 3.80762, ""title"": ""Behind the Scenes of the “What Was I Made For?” Video: Part 3"", ""url"": ""https://www.youtube.com/watch?v=5g8snnQKFCU"", ""video_id"": ""5g8snnQKFCU""}]"
beauty,Dallin and Bella ,UCjKnNUbNcj7p_i3_gDyGyPg,4.81682,4,2683,"[[""Beauty Compliments""], [""Beach Beauty""], [""Health vs. Beauty""], [""Compliments on beauty""]]","[{""comment_count"": 114, ""engagement_score"": 1.39624, ""title"": ""From shower to dinner ready! #Shorts"", ""url"": ""https://www.youtube.com/watch?v=gfkq17PQP3s"", ""video_id"": ""gfkq17PQP3s""}, {""comment_count"": 107, ""engagement_score"": 0.86562, ""title"": ""I was in SHOCK! #Shorts"", ""url"": ""https://www.youtube.com/watch?v=Pe84Es9beYw"", ""video_id"": ""Pe84Es9beYw""}, {""comment_count"": 1758, ""engagement_score"": 2.10686, ""title"": ""Every single body is beautiful #Shorts"", ""url"": ""https://www.youtube.com/watch?v=WyEWz_zoBsQ"", ""video_id"": ""WyEWz_zoBsQ""}, {""comment_count"": 704, ""engagement_score"": 0.44811, ""title"": ""Leaving our baby! #Shorts"", ""url"": ""https://www.youtube.com/watch?v=NLp1Vx0vGOA"", ""video_id"": ""NLp1Vx0vGOA""}]"
beauty,Kitta DIY,UCVCppSnY_8623pqZvEt96bQ,3.77456,4,359,"[[""Beauty and Appearance""], [""Beauty and Compliments""], [""Compliments/Beauty""], [""Makeup and Beauty""]]","[{""comment_count"": 39, ""engagement_score"": 0.70188, ""title"": ""De tranen-look uit mijn laatste video!!"", ""url"": ""https://www.youtube.com/watch?v=MuAZ7FtM6FM"", ""video_id"": ""MuAZ7FtM6FM""}, {""comment_count"": 234, ""engagement_score"": 1.75828, ""title"": ""Ik heb mijn droomvlucht schommel gevonden 🧚🏼‍♀️🌸😍 in de studio van @bymarije"", ""url"": ""https://www.youtube.com/watch?v=G-ZF7Pm186U"", ""video_id"": ""G-ZF7Pm186U""}, {""comment_count"": 37, ""engagement_score"": 0.86363, ""title"": ""De staart ging mee op vakantie!! Ik was verbaasd hoe makkelijk me dit afging na 8 jaar 🧜🏼‍♀️"", ""url"": ""https://www.youtube.com/watch?v=RYrVVo_1PGU"", ""video_id"": ""RYrVVo_1PGU""}, {""comment_count"": 49, ""engagement_score"": 0.45077, ""title"": ""Op welke littlest pet shop lijk ik??"", ""url"": ""https://www.youtube.com/watch?v=IL4XDCsaVL4"", ""video_id"": ""IL4XDCsaVL4""}]"
