"InfluencerStandardized","standardizedCount","influencerList","platform","bio_description"
"undefined","262"," ???, -, --, :, ?, ??, ??????????????, ., .., ..., ...., ........, @, /, =, ğŸ´, 0800-0113, 1, 113, 13, 2, 3, 433, 433., 6, 678, 8, ĞšĞ¾ÑĞ¾Ğ²Ğ¾ Ñ˜Ğµ Ğ¡Ñ€Ğ±Ğ¸Ñ˜Ğ°!!!!!!!, x, X, 433 nl, 433 NL, 433nl, 433NL, f1, F1, Me, o, xx, bk_.010, bk._010, C, @jk, ap, B, CG5, CW, DT023, fa, fr1908, Gz.14, H, Hj, in, jÂ´h, j7, je, jn, K2, km, N.M, r9, rj_2010, rl, s, s.0181p, ss, T41, T5G, wd 40, z","tiktok_account","N/A"
"zaargoedemans","146","zaar goedemans, Zaar goedemans, Zaar Goedemans, zaar.goedemans, zaargoedemans, Zaargoedemans, Zaargoedemans., zaar goedmans, zaargoedmans, Zaargoedmans, zaar goedeman, zaargoedeman, zaargoedenmans, saargoedemans, Zaargoedemands, zaargoedsmans, zaargroedemans","tiktok_account","N/A"
"feyenoord","128","@feyenoord, feyenoord, Feyenoord, Feyenoord., feynoord, Feyenoordv1","tiktok_account","The official TikTok account of Feyenoord Rotterdam. 

ğ™µğš˜ğšğš—ğšğšğš in ğŸ·ğŸ¿ğŸ¶ğŸ¾"
"jadeanna","125","@jadeanna, jade anna, Jade anna, Jade Anna, Jade ANNA, Jade Anna., Jade-anna, Jade-Anna., jadeanna, Jadeanna, jadeannaa, yade anna","tiktok_account","ğŸ§¸ founder @bi yÃ¹ 
ğŸ™ï¸ 1/4 @Confession Club 
ğŸ’Œ jadeanna@ad-venturestudios.com"
"enzoknol","43","enzo knol, Enzo knol, Enzo Knol, enzoknol, Enzoknol, ENZOKNOL2, enzo kno, Enzosnol","tiktok_account","Youtube & Snapchat: Enzoknol
ğŸ“© zakelijk@knolpower.nl"
"duncantromp","39","@duncantromp, duncan tromp, Duncan tromp, Duncan Tromp, Duncan Tromp., duncantromp, Duncantromp, Ducan Tromp, ducantromp, Duncan trump, Duncantrump, duncen tromp, Duncen tromp, duncantromph","tiktok_account","ğŸ“§: duncan@foryouagency.com"
"mrbeast","39","mr beast, mr Beast, Mr beast, mr beast2, mr beast3, mr. beast, mr.beast, Mr.beast, mrbeast, Mrbeast, MrBeast, MRBEAST, Mrbeast., mrbeast6000, mr baest","tiktok_account","New CEO of Tiktok?"
"bankzitters","38","bankzitters, Bankzitters, Bankzitters., bankziters, bnkzitters","tiktok_account","Follow for comedy"
"nee","34","nee, Nee, NEE, nba, Nba, NBA, nej, noa, Noa, NEY., Nhl, nvt","tiktok_account","name : F
ğŸ¦¦ğŸ¦¦"
"vrienden","31","vrienden, Vrienden, vriendin, Vriendin, vriend 1, vriend 2","tiktok_account","N/A"
"realmadrid","29","@realmadrid, real madrid, Real madrid, Real Madrid, REAL MADRID, Real madrid., realmadrid, reamadrid","tiktok_account","âš½ï¸ The official Real Madrid C.F. account
ğŸ† 15 times European Champions"
"espn","28","espn, Espn, ESPN, espn nl, Espn nl, Espnnl, espnl","tiktok_account","Serving sports fans. Anytime. Anywhere."
"rhodekok","27","rhode ko0k, rhode kok, Rhode kok, Rhode Kok, Rhode kok., rhodekok, Rhodekok, RhodÃ© kok, RhodÃ© Kok, RhodÃ¨ kok, rhodeekok","tiktok_account","rhode@foryouagency.nl"
"mezelf","25","`mezelf, mezelf, Mezelf, myself, Mexelf, myzelf","tiktok_account","N/A"
"katiefang","22","katie fang, Katie fang, Katie Fang, katiefang, Katiefang, Katiefang., Katie Lang.","tiktok_account","N/A"
"taylorswift","19","@taylorswift, taylor swift, Taylor swift, Taylor Swift, Taylor Swift., taylorswift, Taylorswift, TaylorSwift.","tiktok_account","This is pretty much just a cat account"
"idk","18","idk, ik, Ik, kim k, Kim k, rijk, Nick., Rick","tiktok_account","N/A"
"isae","17","@ISAE, isae, Isae, ISAE, isea, Islam","tiktok_account","Salut les humains ğŸ«°ğŸ½"
"touzani","17","@touzani, touzani, Touzani, Touzani., tuzani","tiktok_account","N/A"
"khabylame","17","khaby lame, Khaby lame, Khaby Lame, Khaby Lame., khabylame, Khabylame, khabe lame, Khabe lame, khabi lame, Khaby lamÃ©","tiktok_account","N/A"
"ronaldo","17","ronaldo, Ronaldo, RONALDO, Ronaldo., roanldo9","tiktok_account","N/A"
"championsleague","16","champions league, Champions league, Champions League, Champions league., championsleague, champions leauge, Champions leaugue","tiktok_account","The official home of #UCL on TikTok."
"fortnite","15","fortnite, Fortnite, ogfortnite","tiktok_account","Always thanking the bus driver"
"mdemma","15","mdemma, Mdemma, MdEmma, MDemma, MDEMMA","tiktok_account","N/A"
"kyliejenner","14","@kyliejenner, kylie jenner, Kylie jenner, Kylie Jenner, kyliejenner","tiktok_account","Kylie ğŸ¤"
"weetikniet","14","weet ik niet, Weet ik niet, WEET IK NIET, weet niet","tiktok_account","N/A"
"gio","13","gio, Gio, gino, Milo., Lilo, niro, rico","tiktok_account","Ik maak filmpjes op Youtube!"
"ishowspeed","13","ishowspeed, Ishowspeed, IshowSpeed","tiktok_account","N/A"
"straykids","12","@straykids, @Straykids, stray kids, Stray kids, Stray Kids., straykids, Straykids","tiktok_account","SkzğŸ’™ğŸ’™ğŸ’™ğŸ’™ğŸ’™ğŸ’™ğŸ’™ğŸ’™"
"billieeilish","12","billie eilish, Billie eilish, Billie Eilish, Billie Eilish., billieeilish, Billieeilish, Billie eilisch","tiktok_account","""HIT ME HARD AND SOFT"" THE ALBUM
OUT NOW"
"marijnkuipers","12","marijn kuipers, Marijn kuipers, marijnkuipers, Marijnkuipers, marijnkijpers","tiktok_account","ğŸ“© Marijn@gamechangers.nl
Snap ğŸ‘» Marijn_kuipers
ğŸ‘‡ğŸ½NIEUWSTE YOUTUBE VIDEOğŸ‘‡ğŸ½"
"qucee","12","qucee, Qucee, Qucee., qusee","tiktok_account","Youtube: 909K
Insta: 876K
Linktr.ee/qulinks
Zakelijk: info@qucee.nl"
"geen","11","geen, Geen, Eten.","tiktok_account","N/A"
"geenidee","11","geen idee, Geen idee","tiktok_account","N/A"
"bts","10","@bts, bts, Bts, BTS, 2010_bmw, Bmw, BMW, bcc","tiktok_account","Last Wish"
"ajax","10","ajax, Ajax, Jay","tiktok_account","N/A"
"fatoemakers","10","fatoemakers, Fatoemakers, fattoemakers","tiktok_account","Geheim account!ğŸ¤«"
"lieszhara","10","lies zhara, Lies zhara, lies_zhara, lieszahra","tiktok_account","Neem dit niet te serieus! Ik ben een fan! Bij de 10 volgers een age reveal! ğŸ’•"
"messi","10","messi, Messi, Messi., 02mashi, mashi","tiktok_account","N/A"
"myronkoops","10","myron koops, Myron koops, Myron Koops., myronkoops, Myronkoops, MyronKoops","tiktok_account","Athlete for @kpactive ğŸ’ªğŸ¼ğŸ”¥
Mail: zakelijk@knolpower.nl"
"samandcolby","10","sam and colby, sam and Colby, Sam and Colby, Sam and Colby., samandcolby","tiktok_account","ghost hunters from kansas ğŸ‘»"
"barcelona","9","barcelona, Barcelona, barcalona","tiktok_account","Barcelona | Travel | Hotels | Food | Tips
Discover the beauty of Barcelona ğŸ‡ªğŸ‡¸"
"bender","9","bender, Bender, fener, bencer","tiktok_account","enjoy bro 
- a"
"charlidamelio","9","Charli D'amelio, Charli D'Amelio, charli damelio, Charli damelio, charlidamelio, Charlidamelio, Charli damilio, charli demlio, Charli Dmelio","tiktok_account",":)"
"vriendinnen","9","vriendinnen, Vriendinnen, Vriendinnen.","tiktok_account","leef met pas voor muziekâ˜ºğŸ’‹ğŸ’—ğŸ‘ŒğŸ‘"
"apson","8","apson, Apson, jason","tiktok_account","N/A"
"kleinejohn","8","kleine john, Kleine john, kleinejohn","tiktok_account","Lach gewoon meer en like wat johğŸ˜†
Info@kleinejohn.nl."
"monstertube","8","Monster tube, monstertube, Monstertube.","tiktok_account","N/A"
"royalistiq","8","royalistiq, Royalistiq","tiktok_account","2e account: @royalistiqshorts 
ğŸ‘•: royalistiq.nl
ğŸ“©: royalistiq@fantube.me"
"prive","7","@prive, prive","tiktok_account","ğŸ’"
"chatmo","7","`chatmo, chatmo, Chatmo","tiktok_account","ğŸ“§: info@chatmo.nl
content creator ğŸ‡³ğŸ‡±ğŸ‡¸ğŸ‡´ | 2.5M+ followers ğŸ¥âš½
subscribeğŸ‘‡ğŸ½"
"redbullracing","7","`redbullracing, Red Bull racing, Redbull racing, redbullracing, RedBullRacing","tiktok_account","Currently in Miami ğŸ‡ºğŸ‡¸"
"duncan","7","duncan, Duncan, Duncan., duncen, Djuncan, ducan","tiktok_account","N/A"
"dylanpage","7","Dylan page, Dylan Page, Dylan Page., dylan.page","tiktok_account","N/A"
"galatasaray","7","galatasaray, Galatasaray","tiktok_account","Galatasaray SK Resmi TikTok HesabÄ± / Official TikTok Account of Galatasaray SK"
"kaicenat","7","kai cenat, Kai cenat, Kai Cenat, kai_cenat, kai canat","tiktok_account","t.me/tennisbracelet"
"lanarhoades","7","lana rhoades, Lana rhoades, Lana Rhoades, lanarhoades, Lanarhoades, lana rhodes, Lana Rhodes, Lana Rhodes., Lanarhoads","tiktok_account","Regarding where I came from made me who I am today"
"mbappe","7","mbappe, Mbappe","tiktok_account","Kylian Mbappe fanpage
Not impersonating

Ù°"
"miakhalifa","7","mia khalifa, Mia khalifa, Mia Khalifa, Miakhalifa","tiktok_account","Immigrant ğŸ‡±ğŸ‡§ Not Malala
Inquiries@myotis.co"
"niemand","7","niemand","tiktok_account","N/A"
"rhode","7","rhode, Rhode, RhodÃ¨","tiktok_account","one of everything reallyÂ good. âœ¨
a new philosophy on skincare by Hailey Bieber."
"samsulek","7","sam sulek, Sam sulek, Sam Sulek, Samsulek, Sam Salek, Sam Silok.","tiktok_account","N/A"
"stijnsaman","7","stijn saman, Stijn Saman., stijnsaman","tiktok_account","ğŸ“¬ stijn@habslouis.com"
"voetbal","7","voetbal, Voetbal, voetbal.nl","tiktok_account","haciendo edits con forever young xq quiero"
"appelkaas","6","appelkaas, Appelkaas, appelkaasje","tiktok_account","âœ‰ï¸ appelkaas@puntenslijpen.nl
ğŸ”´ğŸ‘‡ğŸ»altijd LIVEğŸ‘‡ğŸ»ğŸ”´"
"apsonarmy","6","apsonarmy, Apsonarmy","tiktok_account","Tikje hier tokje daar
ğŸ“© Apson@empireagency.nl"
"cestmocro","6","C'est mocro, Cest mocro, cestmocro, Cestmocro, cesmocro","tiktok_account","instagram/snapchat: @cestmocro
ğŸ‘‡ğŸ½"
"centralcee","6","central cee, Central Cee, Centralcee, Centralecee","tiktok_account","CANT RUSH GREATNESS. TOUR TICKETS"
"cristianoronaldo","6","cristiano ronaldo, Cristiano ronaldo, Cristiano Ronaldo, Cristiano RonaldoğŸğŸ, CRISTIANORONALDO 7","tiktok_account","N/A"
"dumpert","6","dumpert, Dumpert","tiktok_account","Je moeder volgt dit"
"glenfontijn","6","glen fontijn, Glen fontijn, glenn fontijn","tiktok_account","fan van glen"
"icespice","6","ice spice, ICE spice, Ice Spice., icespice, Icespice","tiktok_account","N/A"
"monicageuze","6","monica geuze, Monica geuze, monicageuze","tiktok_account","N/A"
"stuktv","6","stuk tv, Stuk tv, stuktv, Stuktv","tiktok_account","ğŸ“º De Kluis: Het Masterplan @Videoland 
ğŸŒ Verdwenen van de Aardbodem @YouTube"
"zarajanice","6","zara.janice, zarajanice, Zarajanice.","tiktok_account","Zara Janice Goedemans ğŸ¤
Everything by Him, for Him and because of Him â€ "
"fabrizioromano","5"," fabrizioromano, fabrizio romano, Fabrizio Romano, Fabrizioromano, fabrizo romano, fabrizoromano","tiktok_account","Here we go!"
"benderbij","5","@benderbij, benderbij, benderBij, Benderbij","tiktok_account","N/A"
"becurlybylaura","5","Be curly by laura, becurlybylaura, bycurlybylaura","tiktok_account","CURLY HAIRDRESSER BASED CLOSE TO AMSTERDAM
@becurlybylaura on IG"
"brookemonk","5","brooke monk, Brooke Monk., Brook mock, Brook Monke.","tiktok_account","â™¡"
"callofduty","5","call of duty, Call of Duty","tiktok_account","Play Black Ops 6 now ğŸ”¥
ESRB Rating: MATURE"
"clix","5","clix, Clix, Cloe","tiktok_account","N/A"
"datenedommeblondje","5","datenedommeblondje","tiktok_account","N/A"
"dilaraselin","5","dilara selin, dilaraselin","tiktok_account","N/A"
"fernandoalonso","5","fernando alonso, Fernando alonso, Fernando Alonso, fernandoalonso","tiktok_account","Premio Principe de Asturias ğŸ‘‘Karting, F1 & Endurance World Champion ğŸŒ"
"formula","5","Formula 1, Formula1, formule 1, Formule 1, Formule1.","tiktok_account","USE CODE FORM
ğŸ”»DAILY YOUTUBE VIDEOSğŸ”»"
"giolatooy","5","gio latooy, Gio latooy, giolatooy, Giolatooy, giolatoy","tiktok_account","N/A"
"indyisabella","5","Indy Isabella, indyisabella, Indyiisabella.","tiktok_account","Indy@makersavenue.nl
Dagelijkse vlogs op snapchat: indyiisabella 
22"
"katiesigmond","5","katie sigmond, katiesigmond, Katiesigmond, Kati sigmond","tiktok_account","hiii tiktokğŸ˜‹"
"kenza","5","kenza, Kenza","tiktok_account","Kenza 

Discord : Uptade"
"mattsturniolo","5","matt sturniolo, Matt sturniolo, mattsturniolo, Mattsturniolo","tiktok_account","BOS/LA"
"meetmethere","5","meet me there, meetmethere","tiktok_account","N/A"
"nosstories","5","Nos stories, NOS Stories, NOS stories., nosstories, Nosstories, Nos stores","tiktok_account","â­•ï¸ Nieuws voor jongeren
ğŸ’¬ DM voor tips!
ğŸ‘‡ Stel hier je examenvragen"
"onsoranje","5","ons oranje, onsoranje, Onsoranje, OnsOranje","tiktok_account","ğŸ§¡ğŸ‡³ğŸ‡± #NothingLikeOranje"
"psv","5","psv, Psv, PSV, psg, PSG, ppsc 15","tiktok_account","Creating Stars Together ğŸ’«"
"quintymirjam","5","quinty mirjam, Quinty mirjam, Quinty Mirjam, quintymirjam, Quintymirjam","tiktok_account","Owner: Hot Without Heat! âœ¨
MAIL: info@quintymirjam.com | IG: Quintymirjam |"
"rapnieuws","5","rapnieuws, Rapnieuws, Rapnieuws tv, Rapnieuwstv","tiktok_account","N/A"
"sannemyrthe","5","sanne myrthe, Sanne Myrthe., sannemyrthe, Sannemyrthe1, sannexmirthe","tiktok_account","N/A"
"sihamsanad","5","sihamsanad, Sihamsanad, sihamsanad_","tiktok_account","N/A"
"straykidsjapan","5","Stray kids japan, Stray Kids japan, Stray kids Japan., Straykids Japan., Straykids_Japan.","tiktok_account","N/A"
"yadelauren","5","yade lauren, yadelauren","tiktok_account","N/A"
"chief","4"," chief, chief, Chief, chica","tiktok_account","N/A"
"samgolbach","4","@samgolbach, Sam Golbach., samgolbach, Samgolbach","tiktok_account","iâ€™m from kansas"
"addisonrae","4","Addison Rae, addisonrae, Addisonrae, Addison ray, addisonre","tiktok_account","editar cuenta no real addison rae
(Edit Account not real addison rae)"
"afcajax","4","afc ajax, Afc ajax, AFC ajax, AFC Ajax","tiktok_account","Official TikTok account of AFC Ajax"
"alles","4","alles, allah","tiktok_account","N/A"
"blackpink","4","Black pink, blackpink","tiktok_account","N/A"
"boef","4","boef, Boef, boeie","tiktok_account","DOWNLOAD DE BONNETJE APP HIER"
"bramkrikke","4","Bram krikke, bramkrikke","tiktok_account","N/A"
"cardib","4","cardi b, cardi B, Cardi B, Cardi B.","tiktok_account","N/A"
"charlesleclerc","4","charles leclerc, Charles leclerc, charlesleclerc","tiktok_account","Formula 1 Driver for Scuderia Ferrari.
Instagram : @charles_leclerc"
"dannydragonball","4","dannydragonball911, Dannydragonball911","tiktok_account","N/A"
"dave","4","dave, jade, Jade, faye","tiktok_account","Your ultimate financial friend
ğŸ’¸ Up to $500 in 5 min or less
See dave.com/legal"
"djes","4","djes, Djes, Adje","tiktok_account","N/A"
"dondejong","4","don de jong, Don de Jong, dondejong, dane de jong 11","tiktok_account","N/A"
"efteling","4","efteling, Efteling, Efteling.","tiktok_account","Wereld vol Wonderen! âœ¨"
"fashiontiger","4","fashion tiger, Fashion Tiger, fashiontiger, Fashiontiger","tiktok_account","N/A"
"fienecastillo","4","fiene castillo, Fiene Castillo, fienecastillo, Fienecastillo","tiktok_account","N/A"
"fifa","4","fifa, Fifa, FIFA, fifa24, Tina","tiktok_account","The bare minimum is not my genre"
"goudmijn","4","goudmijn","tiktok_account","â¤sportâ¤
âš½voetbalâš½ 
ğŸ”ğŸ”ğŸ”ğŸ”ğŸ”"
"ikweetniet","4","ik weet niet, ik weet niks","tiktok_account","N/A"
"juultjetieleman","4","juultje tieleman, Juultje tieleman, juultjetieleman, Juultje Tielemans","tiktok_account","N/A"
"koen","4","Koen, Koen., Koken","tiktok_account","No bio yet"
"laufey","4","laufey","tiktok_account","lay-vay â¤ï¸
silver lining out now ğŸ "
"maxverstappen","4","Max verstappen, Max Verstappen, maxverstappen, Maxiestappen","tiktok_account","N/A"
"maximeensophie","4","maxime en sophie, Maximeensophie","tiktok_account","N/A"
"mclaren","4","mclaren, McLaren","tiktok_account","Proud to be papaya ğŸ§¡"
"misha","4","misha, Misha, ish, Isha., mish","tiktok_account","N/A"
"mrlust","4","Mr lust, mrlust, Mrlust, mrlustfn","tiktok_account","N/A"
"nos","4","nos, Nos, NOS, Don, 5SOS, mo, moe, o.ob","tiktok_account","â­•ï¸ Volg ons voor het laatste nieuws."
"pietervalley","4","Pieter valley, Pieter Valley, pietervalley, Pieter valey","tiktok_account","ğŸ¤ğŸ¼ hier om je te laten lachen 
pieter@empireagency.nl"
"redbull","4","red bull, Red Bull, redbull, Redbull","tiktok_account","welcome to the world of Red Bull ğŸ‘
#givesyouwiiings"
"selma","4","selma, HEMA, Je ma, Sem, sera","tiktok_account","N/A"
"selmaomari","4","selma omari, Selma Omari, Selma OMari","tiktok_account","ğŸ“§: selma@puntenslijpen.nl
Follow me on snapchatğŸ‘»: selmaa94"
"spartarotterdam","4","sparta rotterdam, Spartarotterdam, spartarotterdam010, spartarotterdam1","tiktok_account","OfficiÃ«le TikTok-account van Sparta Rotterdamâ¤ï¸ğŸ¤"
"stefandevries","4","stefan de vries, Stefan de vries","tiktok_account","Zakelijk: Info@stefandevries.tv"
"supergaande","4","supergaande","tiktok_account","ğŸš€ info@supergaande.nl
Check de laatste video hier ğŸ‘‡"
"thierrybaudet","4","thierry baudet, Thierry Baudet, thierry_baudet, theirrybaudet, Thiery baudet","tiktok_account","N/A"
"txtbighitent","4","txt.bighitent","tiktok_account","Instagram @txttaehyun @txthueningkai"
"ufc","4","ufc, Ufc, UFC, ucl, UCL","tiktok_account","#UFCDesMoines | Sandhagen vs Figueiredo | May 3rd | 9pmET on ESPN+"
"weetikveel","4","weet ik veel","tiktok_account","N/A"
"zaragoedemans","4","zara goedemans, Zara Goedemans, zaragoedemans","tiktok_account","â­ï¸ğŸ¥¥ğŸ§ğŸ§šğŸ¤ğŸŒ¸"
"colbybrock","3","@colbybrock, Colby Brock., Colbybrock","tiktok_account","I apologize ahead of time, world


MERCH STORE ğŸ‘‡ğŸ¼"
"timonverbeeck","3","@timonverbeeck, timonverbeeck","tiktok_account","yt, insta, snap: @timonverbeeck
zakelijke mail: contact@timonverbeeck.com"
"minuutvoorallah","3","1minuutvoorallah, 1minuutvoorAllah, minuutvoorallah","tiktok_account","Het belang van kennis opdoen | Podcast #83
ğŸ‘‡"
"akhiayman","3","akhi ayman, Akhi Ayman, Akhi aymen","tiktok_account","ami amr moto.... ğŸ¤—
vab kom dekai ğŸ˜
maer   adore chuto meye ğŸ˜ğŸ‚â™¥"
"andrewtate","3","Andrew tate, Andrew Tate","tiktok_account","No bio yet"
"arianagrande","3","ariana grande, Ariana grande, arianagrande","tiktok_account","currently somewhere over the rainbow"
"betasquad","3","Beta squad., betasquad","tiktok_account","shush"
"breckiehill","3","Breckie hill, Breckie Hill, Breckiehill","tiktok_account","21
ig & snap: breckiehill"
"brittdekker","3","britt dekker, Britt dekker, Brittdekker","tiktok_account","N/A"
"camavinga","3","camavinga, Camavinga","tiktok_account","Real Madrid 
 
info@camavingaofficial.com"
"charbonn","3","charbonn, Charbonn","tiktok_account","N/A"
"creachick","3","creachick, Creachick","tiktok_account","DIYS â™¡"
"cristiano","3","cristiano, Christian.w","tiktok_account","Active since 24 April 2025

â€¼ï¸We are not affiliated with specific athletes!â€¼ï¸"
"devon","3","Devon, debo, Devom","tiktok_account","N/A"
"divaio","3","divaio, Divaio, divaioyt","tiktok_account","N/A"
"enhypen","3","enhypen, Enhypen.","tiktok_account","#ENHYPEN Official TikTok
#ENHYPEN ê³µì‹ í‹±í†¡"
"eredivisie","3","eredivisie, Eredivisie","tiktok_account","The official TikTok account of the Dutch Eredivisie âš½ Football | The Netherlands"
"ericdasilva","3","eric dasilva, ericdasilva","tiktok_account","N/A"
"espnmma","3","espn mma, Espnmma","tiktok_account","Follow us for ğŸ”¥ MMA content"
"famkehanna","3","famkehanna, Famkehanna, famkexhannah","tiktok_account","Collab?
ğŸ’ŒFamkebouman@hotmail.com
ğŸ’—ğŸŒŸğŸŒºğŸ§¿ğŸ”¥ğŸŒ´ğŸª­
@Famkebackup"
"farthunder","3","farthunder, fart thunder","tiktok_account","War Thunder content creator"
"finneas","3","finneas, Finneas","tiktok_account","Trust the Process"
"foryou","3","foryou","tiktok_account","Whatâ€™s poppinâ€™ on the For You Page? ğŸ‘€

Follow us tag us to go viral!"
"geeneen","3","geen een","tiktok_account","N/A"
"ginasingels","3","gina singels, ginasingels","tiktok_account","ğŸ’Œmy daily diary in London & Elsewhere ğŸ’Œ

gina@kadaconnect.nl"
"glenfontein","3","glen fontein, Glen Fontein., Glwn fontein","tiktok_account","Jesus is King.
ğŸ“¥ : info@glnetwork.nl"
"guusjewillemse","3","guusje.willemse","tiktok_account","Musical.ly: @guusjewllms"
"hallo","3","hallo","tiktok_account","Lol you thought"
"hitler","3","hitler, Hitler","tiktok_account","N/A"
"hoopangel","3","hoop.angel, hoopangels","tiktok_account","N/A"
"ikweetdenamenniet","3","ik weet de namen niet, Weet de namen niet","tiktok_account","N/A"
"ikweetophetmomentgeen","3","ik weet op het moment geen","tiktok_account","N/A"
"iliasvieto","3","ilias vieto, Ilias vieto, iliasvietto, iliasvietto17, Illiasvietto, illiasvietto17, iliasvetto17","tiktok_account","N/A"
"jemoeder","3","je moeder, Je moeder","tiktok_account","""live with passion, live musical.ly"""
"jesseantonio","3","jesse antonio, jesseantonio","tiktok_account","N/A"
"jevader","3","jevader, jevader010, Ja vaderb","tiktok_account","N/A"
"jungkook","3","jungkook, Jungkook","tiktok_account","JungKook of BTS"
"kaesutherland","3","kae sutherland, kaesutherland, kaesunderland","tiktok_account","Mom of Loua & Sol living in Amsterdam
insta: @kaesutherland"
"kallmekris","3","kallmekris, Kallmekris","tiktok_account","Daily Subpar Content
ğŸ‡¨ğŸ‡¦/ğŸ‡ºğŸ‡¸"
"kanyewest","3","kanye west, Kanye west","tiktok_account","N/A"
"katiefanggg","3","katiefanggg, Katiefanggg","tiktok_account","ğŸ’Œ-KatieFangTeam@unitedtalent.com

â‡© Linking everything here â‡©"
"kellymexy","3","kelly mexy, kellymexy","tiktok_account","Kelly@foryouagency.com"
"kimkardashian","3","kim kardashian, kimkardashian, KimKardashian, Kim Kardaishan","tiktok_account","N/A"
"kristysnepvangers","3","kristy snepvangers, Kristy snepvangers, Kristy Snepvangers.","tiktok_account","Ik vind het leuk om kristys videoâ€™s te zien en daarom deel ik ze met jullie ğŸ˜ğŸ"
"landonorris","3","Lando norris, landonorris","tiktok_account","F1 driver"
"liverpool","3","liverpool, Liverpool, liverpool FC, Liverpool FC","tiktok_account","You'll never walk alone â¤ï¸
The ultimate Liverpool fanpage - follow for more!"
"manchestercity","3","Manchester city, Manchester City, manchestercity","tiktok_account","N/A"
"mijnvrienden","3","mijn v3rienden, mijn vrienden, Mijn vrienden, Mijn vriendin.","tiktok_account","N/A"
"mijzelf","3","mijzelf, Mijzelf.","tiktok_account","N/A"
"mongraal","3","mongraal, Mongraal","tiktok_account","N/A"
"musty","3","musty, jushy","tiktok_account","i'll show u a gOoD tIMeğŸ’¦"
"niallhoran","3","niall horan, Niall Horan., Niallhoran","tiktok_account","The Show Live On Tour albums out now"
"nickeh","3","nick eh 30, Nick eh 30","tiktok_account","N/A"
"nickiminaj","3","nicki minaj, Nicki Minaj, NickiMinaj, nikki minaj","tiktok_account","N/A"
"nietjezaak","3","Niet je zaak","tiktok_account","N/A"
"nike","3","nike, Nike., nikÃ©e, niks, Niks, nity18","tiktok_account","You can't win. So Win."
"nolan","3","nolan","tiktok_account","N/A"
"notyours","3","Not yours","tiktok_account","N/A"
"paraduze","3","paraduze, Paraduze, Paraduze.","tiktok_account","Creator op YouTube (556K)
ğŸ¦‹ğŸ¦‹ğŸ¦‹"